[2026-07-26 00:46:13] local.ERROR: SQLSTATE[HY000] [1049] Unknown database 'laravel' (Connection: mysql, SQL: select * from information_schema.tables where table_schema = laravel and table_name = migrations and table_type = 'BASE TABLE') {"exception":"[object] (Illuminate\\Database\\QueryException(code: 1049): SQLSTATE[HY000] [1049] Unknown database 'laravel' (Connection: mysql, SQL: select * from information_schema.tables where table_schema = laravel and table_name = migrations and table_type = 'BASE TABLE') at C:\\Users\\adeel\\OneDrive\\Desktop\\laravel-cs440-project\\440-Group-20-Spring-2023-master\\Code\\UniConnect-App\\vendor\\laravel\\framework\\src\\Illuminate\\Database\\Connection.php:793)
[stacktrace]
#0 C:\\Users\\adeel\\OneDrive\\Desktop\\laravel-cs440-project\\440-Group-20-Spring-2023-master\\Code\\UniConnect-App\\vendor\\laravel\\framework\\src\\Illuminate\\Database\\Connection.php(753): Illuminate\\Database\\Connection->runQueryCallback('select * from i...', Array, Object(Closure))
#1 C:\\Users\\adeel\\OneDrive\\Desktop\\laravel-cs440-project\\440-Group-20-Spring-2023-master\\Code\\UniConnect-App\\vendor\\laravel\\framework\\src\\Illuminate\\Database\\Connection.php(405): Illuminate\\Database\\Connection->run('select * from i...', Array, Object(Closure))
#2 C:\\Users\\adeel\\OneDrive\\Desktop\\laravel-cs440-project\\440-Group-20-Spring-2023-master\\Code\\UniConnect-App\\vendor\\laravel\\framework\\src\\Illuminate\\Database\\Connection.php(392): Illuminate\\Database\\Connection->select('select * from i...', Array, false)
#3 C:\\Users\\adeel\\OneDrive\\Desktop\\laravel-cs440-project\\440-Group-20-Spring-2023-master\\Code\\UniConnect-App\\vendor\\laravel\\framework\\src\\Illuminate\\Database\\Schema\\MySqlBuilder.php(43): Illuminate\\Database\\Connection->selectFromWriteConnection('select * from i...', Array)
#4 C:\\Users\\adeel\\OneDrive\\Desktop\\laravel-cs440-project\\440-Group-20-Spring-2023-master\\Code\\UniConnect-App\\vendor\\laravel\\framework\\src\\Illuminate\\Database\\Migrations\\DatabaseMigrationRepository.php(184): Illuminate\\Database\\Schema\\MySqlBuilder->hasTable('migrations')
#5 C:\\Users\\adeel\\OneDrive\\Desktop\\laravel-cs440-project\\440-Group-20-Spring-2023-master\\Code\\UniConnect-App\\vendor\\laravel\\framework\\src\\Illuminate\\Database\\Migrations\\Migrator.php(699): Illuminate\\Database\\Migrations\\DatabaseMigrationRepository->repositoryExists()
#6 C:\\Users\\adeel\\OneDrive\\Desktop\\laravel-cs440-project\\440-Group-20-Spring-2023-master\\Code\\UniConnect-App\\vendor\\laravel\\framework\\src\\Illuminate\\Database\\Console\\Migrations\\MigrateCommand.php(138): Illuminate\\Database\\Migrations\\Migrator->repositoryExists()
#7 C:\\Users\\adeel\\OneDrive\\Desktop\\laravel-cs440-project\\440-Group-20-Spring-2023-master\\Code\\UniConnect-App\\vendor\\laravel\\framework\\src\\Illuminate\\Support\\helpers.php(247): Illuminate\\Database\\Console\\Migrations\\MigrateCommand->Illuminate\\Database\\Console\\Migrations\\{closure}(1)
#8 C:\\Users\\adeel\\OneDrive\\Desktop\\laravel-cs440-project\\440-Group-20-Spring-2023-master\\Code\\UniConnect-App\\vendor\\laravel\\framework\\src\\Illuminate\\Database\\Console\\Migrations\\MigrateCommand.php(138): retry(1, Object(Closure), 0, Object(Closure))
#9 C:\\Users\\adeel\\OneDrive\\Desktop\\laravel-cs440-project\\440-Group-20-Spring-2023-master\\Code\\UniConnect-App\\vendor\\laravel\\framework\\src\\Illuminate\\Database\\Console\\Migrations\\MigrateCommand.php(114): Illuminate\\Database\\Console\\Migrations\\MigrateCommand->repositoryExists()
#10 C:\\Users\\adeel\\OneDrive\\Desktop\\laravel-cs440-project\\440-Group-20-Spring-2023-master\\Code\\UniConnect-App\\vendor\\laravel\\framework\\src\\Illuminate\\Database\\Console\\Migrations\\MigrateCommand.php(82): Illuminate\\Database\\Console\\Migrations\\MigrateCommand->prepareDatabase()
#11 C:\\Users\\adeel\\OneDrive\\Desktop\\laravel-cs440-project\\440-Group-20-Spring-2023-master\\Code\\UniConnect-App\\vendor\\laravel\\framework\\src\\Illuminate\\Database\\Migrations\\Migrator.php(632): Illuminate\\Database\\Console\\Migrations\\MigrateCommand->Illuminate\\Database\\Console\\Migrations\\{closure}()
#12 C:\\Users\\adeel\\OneDrive\\Desktop\\laravel-cs440-project\\440-Group-20-Spring-2023-master\\Code\\UniConnect-App\\vendor\\laravel\\framework\\src\\Illuminate\\Database\\Console\\Migrations\\MigrateCommand.php(81): Illuminate\\Database\\Migrations\\Migrator->usingConnection(NULL, Object(Closure))
#13 C:\\Users\\adeel\\OneDrive\\Desktop\\laravel-cs440-project\\440-Group-20-Spring-2023-master\\Code\\UniConnect-App\\vendor\\laravel\\framework\\src\\Illuminate\\Container\\BoundMethod.php(36): Illuminate\\Database\\Console\\Migrations\\MigrateCommand->handle()
#14 C:\\Users\\adeel\\OneDrive\\Desktop\\laravel-cs440-project\\440-Group-20-Spring-2023-master\\Code\\UniConnect-App\\vendor\\laravel\\framework\\src\\Illuminate\\Container\\Util.php(41): Illuminate\\Container\\BoundMethod::Illuminate\\Container\\{closure}()
#15 C:\\Users\\adeel\\OneDrive\\Desktop\\laravel-cs440-project\\440-Group-20-Spring-2023-master\\Code\\UniConnect-App\\vendor\\laravel\\framework\\src\\Illuminate\\Container\\BoundMethod.php(93): Illuminate\\Container\\Util::unwrapIfClosure(Object(Closure))
#16 C:\\Users\\adeel\\OneDrive\\Desktop\\laravel-cs440-project\\440-Group-20-Spring-2023-master\\Code\\UniConnect-App\\vendor\\laravel\\framework\\src\\Illuminate\\Container\\BoundMethod.php(35): Illuminate\\Container\\BoundMethod::callBoundMethod(Object(Illuminate\\Foundation\\Application), Array, Object(Closure))
#17 C:\\Users\\adeel\\OneDrive\\Desktop\\laravel-cs440-project\\440-Group-20-Spring-2023-master\\Code\\UniConnect-App\\vendor\\laravel\\framework\\src\\Illuminate\\Container\\Container.php(661): Illuminate\\Container\\BoundMethod::call(Object(Illuminate\\Foundation\\Application), Array, Array, NULL)
#18 C:\\Users\\adeel\\OneDrive\\Desktop\\laravel-cs440-project\\440-Group-20-Spring-2023-master\\Code\\UniConnect-App\\vendor\\laravel\\framework\\src\\Illuminate\\Console\\Command.php(194): Illuminate\\Container\\Container->call(Array)
#19 C:\\Users\\adeel\\OneDrive\\Desktop\\laravel-cs440-project\\440-Group-20-Spring-2023-master\\Code\\UniConnect-App\\vendor\\symfony\\console\\Command\\Command.php(312): Illuminate\\Console\\Command->execute(Object(Symfony\\Component\\Console\\Input\\ArgvInput), Object(Illuminate\\Console\\OutputStyle))
#20 C:\\Users\\adeel\\OneDrive\\Desktop\\laravel-cs440-project\\440-Group-20-Spring-2023-master\\Code\\UniConnect-App\\vendor\\laravel\\framework\\src\\Illuminate\\Console\\Command.php(163): Symfony\\Component\\Console\\Command\\Command->run(Object(Symfony\\Component\\Console\\Input\\ArgvInput), Object(Illuminate\\Console\\OutputStyle))
#21 C:\\Users\\adeel\\OneDrive\\Desktop\\laravel-cs440-project\\440-Group-20-Spring-2023-master\\Code\\UniConnect-App\\vendor\\symfony\\console\\Application.php(1040): Illuminate\\Console\\Command->run(Object(Symfony\\Component\\Console\\Input\\ArgvInput), Object(Symfony\\Component\\Console\\Output\\ConsoleOutput))
#22 C:\\Users\\adeel\\OneDrive\\Desktop\\laravel-cs440-project\\440-Group-20-Spring-2023-master\\Code\\UniConnect-App\\vendor\\symfony\\console\\Application.php(314): Symfony\\Component\\Console\\Application->doRunCommand(Object(Illuminate\\Database\\Console\\Migrations\\MigrateCommand), Object(Symfony\\Component\\Console\\Input\\ArgvInput), Object(Symfony\\Component\\Console\\Output\\ConsoleOutput))
#23 C:\\Users\\adeel\\OneDrive\\Desktop\\laravel-cs440-project\\440-Group-20-Spring-2023-master\\Code\\UniConnect-App\\vendor\\symfony\\console\\Application.php(168): Symfony\\Component\\Console\\Application->doRun(Object(Symfony\\Component\\Console\\Input\\ArgvInput), Object(Symfony\\Component\\Console\\Output\\ConsoleOutput))
#24 C:\\Users\\adeel\\OneDrive\\Desktop\\laravel-cs440-project\\440-Group-20-Spring-2023-master\\Code\\UniConnect-App\\vendor\\laravel\\framework\\src\\Illuminate\\Foundation\\Console\\Kernel.php(200): Symfony\\Component\\Console\\Application->run(Object(Symfony\\Component\\Console\\Input\\ArgvInput), Object(Symfony\\Component\\Console\\Output\\ConsoleOutput))
#25 C:\\Users\\adeel\\OneDrive\\Desktop\\laravel-cs440-project\\440-Group-20-Spring-2023-master\\Code\\UniConnect-App\\artisan(35): Illuminate\\Foundation\\Console\\Kernel->handle(Object(Symfony\\Component\\Console\\Input\\ArgvInput), Object(Symfony\\Component\\Console\\Output\\ConsoleOutput))
#26 {main}

[previous exception] [object] (PDOException(code: 1049): SQLSTATE[HY000] [1049] Unknown database 'laravel' at C:\\Users\\adeel\\OneDrive\\Desktop\\laravel-cs440-project\\440-Group-20-Spring-2023-master\\Code\\UniConnect-App\\vendor\\laravel\\framework\\src\\Illuminate\\Database\\Connectors\\Connector.php:65)
[stacktrace]
#0 C:\\Users\\adeel\\OneDrive\\Desktop\\laravel-cs440-project\\440-Group-20-Spring-2023-master\\Code\\UniConnect-App\\vendor\\laravel\\framework\\src\\Illuminate\\Database\\Connectors\\Connector.php(65): PDO->__construct('mysql:host=127....', 'root', Object(SensitiveParameterValue), Array)
#1 C:\\Users\\adeel\\OneDrive\\Desktop\\laravel-cs440-project\\440-Group-20-Spring-2023-master\\Code\\UniConnect-App\\vendor\\laravel\\framework\\src\\Illuminate\\Database\\Connectors\\Connector.php(44): Illuminate\\Database\\Connectors\\Connector->createPdoConnection('mysql:host=127....', 'root', '', Array)
#2 C:\\Users\\adeel\\OneDrive\\Desktop\\laravel-cs440-project\\440-Group-20-Spring-2023-master\\Code\\UniConnect-App\\vendor\\laravel\\framework\\src\\Illuminate\\Database\\Connectors\\MySqlConnector.php(24): Illuminate\\Database\\Connectors\\Connector->createConnection('mysql:host=127....', Array, Array)
#3 C:\\Users\\adeel\\OneDrive\\Desktop\\laravel-cs440-project\\440-Group-20-Spring-2023-master\\Code\\UniConnect-App\\vendor\\laravel\\framework\\src\\Illuminate\\Database\\Connectors\\ConnectionFactory.php(184): Illuminate\\Database\\Connectors\\MySqlConnector->connect(Array)
#4 [internal function]: Illuminate\\Database\\Connectors\\ConnectionFactory->Illuminate\\Database\\Connectors\\{closure}()
#5 C:\\Users\\adeel\\OneDrive\\Desktop\\laravel-cs440-project\\440-Group-20-Spring-2023-master\\Code\\UniConnect-App\\vendor\\laravel\\framework\\src\\Illuminate\\Database\\Connection.php(1210): call_user_func(Object(Closure))
#6 C:\\Users\\adeel\\OneDrive\\Desktop\\laravel-cs440-project\\440-Group-20-Spring-2023-master\\Code\\UniConnect-App\\vendor\\laravel\\framework\\src\\Illuminate\\Database\\Connection.php(519): Illuminate\\Database\\Connection->getPdo()
#7 C:\\Users\\adeel\\OneDrive\\Desktop\\laravel-cs440-project\\440-Group-20-Spring-2023-master\\Code\\UniConnect-App\\vendor\\laravel\\framework\\src\\Illuminate\\Database\\Connection.php(414): Illuminate\\Database\\Connection->getPdoForSelect(false)
#8 C:\\Users\\adeel\\OneDrive\\Desktop\\laravel-cs440-project\\440-Group-20-Spring-2023-master\\Code\\UniConnect-App\\vendor\\laravel\\framework\\src\\Illuminate\\Database\\Connection.php(786): Illuminate\\Database\\Connection->Illuminate\\Database\\{closure}('select * from i...', Array)
#9 C:\\Users\\adeel\\OneDrive\\Desktop\\laravel-cs440-project\\440-Group-20-Spring-2023-master\\Code\\UniConnect-App\\vendor\\laravel\\framework\\src\\Illuminate\\Database\\Connection.php(753): Illuminate\\Database\\Connection->runQueryCallback('select * from i...', Array, Object(Closure))
#10 C:\\Users\\adeel\\OneDrive\\Desktop\\laravel-cs440-project\\440-Group-20-Spring-2023-master\\Code\\UniConnect-App\\vendor\\laravel\\framework\\src\\Illuminate\\Database\\Connection.php(405): Illuminate\\Database\\Connection->run('select * from i...', Array, Object(Closure))
#11 C:\\Users\\adeel\\OneDrive\\Desktop\\laravel-cs440-project\\440-Group-20-Spring-2023-master\\Code\\UniConnect-App\\vendor\\laravel\\framework\\src\\Illuminate\\Database\\Connection.php(392): Illuminate\\Database\\Connection->select('select * from i...', Array, false)
#12 C:\\Users\\adeel\\OneDrive\\Desktop\\laravel-cs440-project\\440-Group-20-Spring-2023-master\\Code\\UniConnect-App\\vendor\\laravel\\framework\\src\\Illuminate\\Database\\Schema\\MySqlBuilder.php(43): Illuminate\\Database\\Connection->selectFromWriteConnection('select * from i...', Array)
#13 C:\\Users\\adeel\\OneDrive\\Desktop\\laravel-cs440-project\\440-Group-20-Spring-2023-master\\Code\\UniConnect-App\\vendor\\laravel\\framework\\src\\Illuminate\\Database\\Migrations\\DatabaseMigrationRepository.php(184): Illuminate\\Database\\Schema\\MySqlBuilder->hasTable('migrations')
#14 C:\\Users\\adeel\\OneDrive\\Desktop\\laravel-cs440-project\\440-Group-20-Spring-2023-master\\Code\\UniConnect-App\\vendor\\laravel\\framework\\src\\Illuminate\\Database\\Migrations\\Migrator.php(699): Illuminate\\Database\\Migrations\\DatabaseMigrationRepository->repositoryExists()
#15 C:\\Users\\adeel\\OneDrive\\Desktop\\laravel-cs440-project\\440-Group-20-Spring-2023-master\\Code\\UniConnect-App\\vendor\\laravel\\framework\\src\\Illuminate\\Database\\Console\\Migrations\\MigrateCommand.php(138): Illuminate\\Database\\Migrations\\Migrator->repositoryExists()
#16 C:\\Users\\adeel\\OneDrive\\Desktop\\laravel-cs440-project\\440-Group-20-Spring-2023-master\\Code\\UniConnect-App\\vendor\\laravel\\framework\\src\\Illuminate\\Support\\helpers.php(247): Illuminate\\Database\\Console\\Migrations\\MigrateCommand->Illuminate\\Database\\Console\\Migrations\\{closure}(1)
#17 C:\\Users\\adeel\\OneDrive\\Desktop\\laravel-cs440-project\\440-Group-20-Spring-2023-master\\Code\\UniConnect-App\\vendor\\laravel\\framework\\src\\Illuminate\\Database\\Console\\Migrations\\MigrateCommand.php(138): retry(1, Object(Closure), 0, Object(Closure))
#18 C:\\Users\\adeel\\OneDrive\\Desktop\\laravel-cs440-project\\440-Group-20-Spring-2023-master\\Code\\UniConnect-App\\vendor\\laravel\\framework\\src\\Illuminate\\Database\\Console\\Migrations\\MigrateCommand.php(114): Illuminate\\Database\\Console\\Migrations\\MigrateCommand->repositoryExists()
#19 C:\\Users\\adeel\\OneDrive\\Desktop\\laravel-cs440-project\\440-Group-20-Spring-2023-master\\Code\\UniConnect-App\\vendor\\laravel\\framework\\src\\Illuminate\\Database\\Console\\Migrations\\MigrateCommand.php(82): Illuminate\\Database\\Console\\Migrations\\MigrateCommand->prepareDatabase()
#20 C:\\Users\\adeel\\OneDrive\\Desktop\\laravel-cs440-project\\440-Group-20-Spring-2023-master\\Code\\UniConnect-App\\vendor\\laravel\\framework\\src\\Illuminate\\Database\\Migrations\\Migrator.php(632): Illuminate\\Database\\Console\\Migrations\\MigrateCommand->Illuminate\\Database\\Console\\Migrations\\{closure}()
#21 C:\\Users\\adeel\\OneDrive\\Desktop\\laravel-cs440-project\\440-Group-20-Spring-2023-master\\Code\\UniConnect-App\\vendor\\laravel\\framework\\src\\Illuminate\\Database\\Console\\Migrations\\MigrateCommand.php(81): Illuminate\\Database\\Migrations\\Migrator->usingConnection(NULL, Object(Closure))
#22 C:\\Users\\adeel\\OneDrive\\Desktop\\laravel-cs440-project\\440-Group-20-Spring-2023-master\\Code\\UniConnect-App\\vendor\\laravel\\framework\\src\\Illuminate\\Container\\BoundMethod.php(36): Illuminate\\Database\\Console\\Migrations\\MigrateCommand->handle()
#23 C:\\Users\\adeel\\OneDrive\\Desktop\\laravel-cs440-project\\440-Group-20-Spring-2023-master\\Code\\UniConnect-App\\vendor\\laravel\\framework\\src\\Illuminate\\Container\\Util.php(41): Illuminate\\Container\\BoundMethod::Illuminate\\Container\\{closure}()
#24 C:\\Users\\adeel\\OneDrive\\Desktop\\laravel-cs440-project\\440-Group-20-Spring-2023-master\\Code\\UniConnect-App\\vendor\\laravel\\framework\\src\\Illuminate\\Container\\BoundMethod.php(93): Illuminate\\Container\\Util::unwrapIfClosure(Object(Closure))
#25 C:\\Users\\adeel\\OneDrive\\Desktop\\laravel-cs440-project\\440-Group-20-Spring-2023-master\\Code\\UniConnect-App\\vendor\\laravel\\framework\\src\\Illuminate\\Container\\BoundMethod.php(35): Illuminate\\Container\\BoundMethod::callBoundMethod(Object(Illuminate\\Foundation\\Application), Array, Object(Closure))
#26 C:\\Users\\adeel\\OneDrive\\Desktop\\laravel-cs440-project\\440-Group-20-Spring-2023-master\\Code\\UniConnect-App\\vendor\\laravel\\framework\\src\\Illuminate\\Container\\Container.php(661): Illuminate\\Container\\BoundMethod::call(Object(Illuminate\\Foundation\\Application), Array, Array, NULL)
#27 C:\\Users\\adeel\\OneDrive\\Desktop\\laravel-cs440-project\\440-Group-20-Spring-2023-master\\Code\\UniConnect-App\\vendor\\laravel\\framework\\src\\Illuminate\\Console\\Command.php(194): Illuminate\\Container\\Container->call(Array)
#28 C:\\Users\\adeel\\OneDrive\\Desktop\\laravel-cs440-project\\440-Group-20-Spring-2023-master\\Code\\UniConnect-App\\vendor\\symfony\\console\\Command\\Command.php(312): Illuminate\\Console\\Command->execute(Object(Symfony\\Component\\Console\\Input\\ArgvInput), Object(Illuminate\\Console\\OutputStyle))
#29 C:\\Users\\adeel\\OneDrive\\Desktop\\laravel-cs440-project\\440-Group-20-Spring-2023-master\\Code\\UniConnect-App\\vendor\\laravel\\framework\\src\\Illuminate\\Console\\Command.php(163): Symfony\\Component\\Console\\Command\\Command->run(Object(Symfony\\Component\\Console\\Input\\ArgvInput), Object(Illuminate\\Console\\OutputStyle))
#30 C:\\Users\\adeel\\OneDrive\\Desktop\\laravel-cs440-project\\440-Group-20-Spring-2023-master\\Code\\UniConnect-App\\vendor\\symfony\\console\\Application.php(1040): Illuminate\\Console\\Command->run(Object(Symfony\\Component\\Console\\Input\\ArgvInput), Object(Symfony\\Component\\Console\\Output\\ConsoleOutput))
#31 C:\\Users\\adeel\\OneDrive\\Desktop\\laravel-cs440-project\\440-Group-20-Spring-2023-master\\Code\\UniConnect-App\\vendor\\symfony\\console\\Application.php(314): Symfony\\Component\\Console\\Application->doRunCommand(Object(Illuminate\\Database\\Console\\Migrations\\MigrateCommand), Object(Symfony\\Component\\Console\\Input\\ArgvInput), Object(Symfony\\Component\\Console\\Output\\ConsoleOutput))
#32 C:\\Users\\adeel\\OneDrive\\Desktop\\laravel-cs440-project\\440-Group-20-Spring-2023-master\\Code\\UniConnect-App\\vendor\\symfony\\console\\Application.php(168): Symfony\\Component\\Console\\Application->doRun(Object(Symfony\\Component\\Console\\Input\\ArgvInput), Object(Symfony\\Component\\Console\\Output\\ConsoleOutput))
#33 C:\\Users\\adeel\\OneDrive\\Desktop\\laravel-cs440-project\\440-Group-20-Spring-2023-master\\Code\\UniConnect-App\\vendor\\laravel\\framework\\src\\Illuminate\\Foundation\\Console\\Kernel.php(200): Symfony\\Component\\Console\\Application->run(Object(Symfony\\Component\\Console\\Input\\ArgvInput), Object(Symfony\\Component\\Console\\Output\\ConsoleOutput))
#34 C:\\Users\\adeel\\OneDrive\\Desktop\\laravel-cs440-project\\440-Group-20-Spring-2023-master\\Code\\UniConnect-App\\artisan(35): Illuminate\\Foundation\\Console\\Kernel->handle(Object(Symfony\\Component\\Console\\Input\\ArgvInput), Object(Symfony\\Component\\Console\\Output\\ConsoleOutput))
#35 {main}
"} 
[2026-07-26 01:01:56] local.ERROR: Vite manifest not found at: C:\Users\adeel\OneDrive\Desktop\laravel-cs440-project\440-Group-20-Spring-2023-master\Code\UniConnect-App\public\build/manifest.json {"view":{"view":"C:\\Users\\adeel\\OneDrive\\Desktop\\laravel-cs440-project\\440-Group-20-Spring-2023-master\\Code\\UniConnect-App\\resources\\views\\app.blade.php","data":{"errors":"<pre class=sf-dump id=sf-dump-728455444 data-indent-pad=\"  \"><span class=sf-dump-note>Illuminate\\Support\\ViewErrorBag</span> {<a class=sf-dump-ref>#329</a><samp data-depth=1 class=sf-dump-expanded>
  #<span class=sf-dump-protected title=\"Protected property\">bags</span>: []
</samp>}
</pre><script>Sfdump(\"sf-dump-728455444\", {\"maxDepth\":3,\"maxStringLength\":160})</script>
","page":"<pre class=sf-dump id=sf-dump-334789558 data-indent-pad=\"  \"><span class=sf-dump-note>array:4</span> [<samp data-depth=1 class=sf-dump-expanded>
  \"<span class=sf-dump-key>component</span>\" => \"<span class=sf-dump-str title=\"10 characters\">Auth/Login</span>\"
  \"<span class=sf-dump-key>props</span>\" => <span class=sf-dump-note>array:5</span> [<samp data-depth=2 class=sf-dump-compact>
    \"<span class=sf-dump-key>errors</span>\" => {<a class=sf-dump-ref>#357</a>}
    \"<span class=sf-dump-key>auth</span>\" => <span class=sf-dump-note>array:1</span> [<samp data-depth=3 class=sf-dump-compact>
      \"<span class=sf-dump-key>user</span>\" => <span class=sf-dump-const>null</span>
    </samp>]
    \"<span class=sf-dump-key>ziggy</span>\" => <span class=sf-dump-note>array:5</span> [<samp data-depth=3 class=sf-dump-compact>
      \"<span class=sf-dump-key>url</span>\" => \"<span class=sf-dump-str title=\"21 characters\">http://127.0.0.1:8000</span>\"
      \"<span class=sf-dump-key>port</span>\" => <span class=sf-dump-num>8000</span>
      \"<span class=sf-dump-key>defaults</span>\" => []
      \"<span class=sf-dump-key>routes</span>\" => <span class=sf-dump-note>array:26</span> [ &#8230;26]
      \"<span class=sf-dump-key>location</span>\" => \"<span class=sf-dump-str title=\"27 characters\">http://127.0.0.1:8000/login</span>\"
    </samp>]
    \"<span class=sf-dump-key>canResetPassword</span>\" => <span class=sf-dump-const>true</span>
    \"<span class=sf-dump-key>status</span>\" => <span class=sf-dump-const>null</span>
  </samp>]
  \"<span class=sf-dump-key>url</span>\" => \"<span class=sf-dump-str title=\"6 characters\">/login</span>\"
  \"<span class=sf-dump-key>version</span>\" => \"\"
</samp>]
</pre><script>Sfdump(\"sf-dump-334789558\", {\"maxDepth\":3,\"maxStringLength\":160})</script>
"}},"exception":"[object] (Spatie\\LaravelIgnition\\Exceptions\\ViewException(code: 0): Vite manifest not found at: C:\\Users\\adeel\\OneDrive\\Desktop\\laravel-cs440-project\\440-Group-20-Spring-2023-master\\Code\\UniConnect-App\\public\\build/manifest.json at C:\\Users\\adeel\\OneDrive\\Desktop\\laravel-cs440-project\\440-Group-20-Spring-2023-master\\Code\\UniConnect-App\\vendor\\laravel\\framework\\src\\Illuminate\\Foundation\\Vite.php:684)
[stacktrace]
#0 C:\\Users\\adeel\\OneDrive\\Desktop\\laravel-cs440-project\\440-Group-20-Spring-2023-master\\Code\\UniConnect-App\\vendor\\laravel\\framework\\src\\Illuminate\\Foundation\\Vite.php(273): Illuminate\\Foundation\\Vite->manifest('build')
#1 C:\\Users\\adeel\\OneDrive\\Desktop\\laravel-cs440-project\\440-Group-20-Spring-2023-master\\Code\\UniConnect-App\\resources\\views\\app.blade.php(15): Illuminate\\Foundation\\Vite->__invoke(Object(Illuminate\\Support\\Collection))
#2 C:\\Users\\adeel\\OneDrive\\Desktop\\laravel-cs440-project\\440-Group-20-Spring-2023-master\\Code\\UniConnect-App\\vendor\\laravel\\framework\\src\\Illuminate\\Filesystem\\Filesystem.php(124): require('C:\\\\Users\\\\adeel\\\\...')
#3 C:\\Users\\adeel\\OneDrive\\Desktop\\laravel-cs440-project\\440-Group-20-Spring-2023-master\\Code\\UniConnect-App\\vendor\\laravel\\framework\\src\\Illuminate\\Filesystem\\Filesystem.php(125): Illuminate\\Filesystem\\Filesystem::Illuminate\\Filesystem\\{closure}()
#4 C:\\Users\\adeel\\OneDrive\\Desktop\\laravel-cs440-project\\440-Group-20-Spring-2023-master\\Code\\UniConnect-App\\vendor\\laravel\\framework\\src\\Illuminate\\View\\Engines\\PhpEngine.php(58): Illuminate\\Filesystem\\Filesystem->getRequire('C:\\\\Users\\\\adeel\\\\...', Array)
#5 C:\\Users\\adeel\\OneDrive\\Desktop\\laravel-cs440-project\\440-Group-20-Spring-2023-master\\Code\\UniConnect-App\\vendor\\laravel\\framework\\src\\Illuminate\\View\\Engines\\CompilerEngine.php(70): Illuminate\\View\\Engines\\PhpEngine->evaluatePath('C:\\\\Users\\\\adeel\\\\...', Array)
#6 C:\\Users\\adeel\\OneDrive\\Desktop\\laravel-cs440-project\\440-Group-20-Spring-2023-master\\Code\\UniConnect-App\\vendor\\laravel\\framework\\src\\Illuminate\\View\\View.php(195): Illuminate\\View\\Engines\\CompilerEngine->get('C:\\\\Users\\\\adeel\\\\...', Array)
#7 C:\\Users\\adeel\\OneDrive\\Desktop\\laravel-cs440-project\\440-Group-20-Spring-2023-master\\Code\\UniConnect-App\\vendor\\laravel\\framework\\src\\Illuminate\\View\\View.php(178): Illuminate\\View\\View->getContents()
#8 C:\\Users\\adeel\\OneDrive\\Desktop\\laravel-cs440-project\\440-Group-20-Spring-2023-master\\Code\\UniConnect-App\\vendor\\laravel\\framework\\src\\Illuminate\\View\\View.php(147): Illuminate\\View\\View->renderContents()
#9 C:\\Users\\adeel\\OneDrive\\Desktop\\laravel-cs440-project\\440-Group-20-Spring-2023-master\\Code\\UniConnect-App\\vendor\\laravel\\framework\\src\\Illuminate\\Http\\Response.php(69): Illuminate\\View\\View->render()
#10 C:\\Users\\adeel\\OneDrive\\Desktop\\laravel-cs440-project\\440-Group-20-Spring-2023-master\\Code\\UniConnect-App\\vendor\\laravel\\framework\\src\\Illuminate\\Http\\Response.php(35): Illuminate\\Http\\Response->setContent(Object(Illuminate\\View\\View))
#11 C:\\Users\\adeel\\OneDrive\\Desktop\\laravel-cs440-project\\440-Group-20-Spring-2023-master\\Code\\UniConnect-App\\vendor\\laravel\\framework\\src\\Illuminate\\Routing\\ResponseFactory.php(57): Illuminate\\Http\\Response->__construct(Object(Illuminate\\View\\View), 200, Array)
#12 C:\\Users\\adeel\\OneDrive\\Desktop\\laravel-cs440-project\\440-Group-20-Spring-2023-master\\Code\\UniConnect-App\\vendor\\laravel\\framework\\src\\Illuminate\\Routing\\ResponseFactory.php(87): Illuminate\\Routing\\ResponseFactory->make(Object(Illuminate\\View\\View), 200, Array)
#13 C:\\Users\\adeel\\OneDrive\\Desktop\\laravel-cs440-project\\440-Group-20-Spring-2023-master\\Code\\UniConnect-App\\vendor\\laravel\\framework\\src\\Illuminate\\Support\\Facades\\Facade.php(353): Illuminate\\Routing\\ResponseFactory->view('app', Array)
#14 C:\\Users\\adeel\\OneDrive\\Desktop\\laravel-cs440-project\\440-Group-20-Spring-2023-master\\Code\\UniConnect-App\\vendor\\inertiajs\\inertia-laravel\\src\\Response.php(110): Illuminate\\Support\\Facades\\Facade::__callStatic('view', Array)
#15 C:\\Users\\adeel\\OneDrive\\Desktop\\laravel-cs440-project\\440-Group-20-Spring-2023-master\\Code\\UniConnect-App\\vendor\\laravel\\framework\\src\\Illuminate\\Routing\\Router.php(888): Inertia\\Response->toResponse(Object(Illuminate\\Http\\Request))
#16 C:\\Users\\adeel\\OneDrive\\Desktop\\laravel-cs440-project\\440-Group-20-Spring-2023-master\\Code\\UniConnect-App\\vendor\\laravel\\framework\\src\\Illuminate\\Routing\\Router.php(875): Illuminate\\Routing\\Router::toResponse(Object(Illuminate\\Http\\Request), Object(Inertia\\Response))
#17 C:\\Users\\adeel\\OneDrive\\Desktop\\laravel-cs440-project\\440-Group-20-Spring-2023-master\\Code\\UniConnect-App\\vendor\\laravel\\framework\\src\\Illuminate\\Routing\\Router.php(797): Illuminate\\Routing\\Router->prepareResponse(Object(Illuminate\\Http\\Request), Object(Inertia\\Response))
#18 C:\\Users\\adeel\\OneDrive\\Desktop\\laravel-cs440-project\\440-Group-20-Spring-2023-master\\Code\\UniConnect-App\\vendor\\laravel\\framework\\src\\Illuminate\\Pipeline\\Pipeline.php(141): Illuminate\\Routing\\Router->Illuminate\\Routing\\{closure}(Object(Illuminate\\Http\\Request))
#19 C:\\Users\\adeel\\OneDrive\\Desktop\\laravel-cs440-project\\440-Group-20-Spring-2023-master\\Code\\UniConnect-App\\app\\Http\\Middleware\\RedirectIfAuthenticated.php(28): Illuminate\\Pipeline\\Pipeline->Illuminate\\Pipeline\\{closure}(Object(Illuminate\\Http\\Request))
#20 C:\\Users\\adeel\\OneDrive\\Desktop\\laravel-cs440-project\\440-Group-20-Spring-2023-master\\Code\\UniConnect-App\\vendor\\laravel\\framework\\src\\Illuminate\\Pipeline\\Pipeline.php(180): App\\Http\\Middleware\\RedirectIfAuthenticated->handle(Object(Illuminate\\Http\\Request), Object(Closure))
#21 C:\\Users\\adeel\\OneDrive\\Desktop\\laravel-cs440-project\\440-Group-20-Spring-2023-master\\Code\\UniConnect-App\\vendor\\laravel\\framework\\src\\Illuminate\\Http\\Middleware\\AddLinkHeadersForPreloadedAssets.php(19): Illuminate\\Pipeline\\Pipeline->Illuminate\\Pipeline\\{closure}(Object(Illuminate\\Http\\Request))
#22 C:\\Users\\adeel\\OneDrive\\Desktop\\laravel-cs440-project\\440-Group-20-Spring-2023-master\\Code\\UniConnect-App\\vendor\\laravel\\framework\\src\\Illuminate\\Pipeline\\Pipeline.php(180): Illuminate\\Http\\Middleware\\AddLinkHeadersForPreloadedAssets->handle(Object(Illuminate\\Http\\Request), Object(Closure))
#23 C:\\Users\\adeel\\OneDrive\\Desktop\\laravel-cs440-project\\440-Group-20-Spring-2023-master\\Code\\UniConnect-App\\vendor\\inertiajs\\inertia-laravel\\src\\Middleware.php(87): Illuminate\\Pipeline\\Pipeline->Illuminate\\Pipeline\\{closure}(Object(Illuminate\\Http\\Request))
#24 C:\\Users\\adeel\\OneDrive\\Desktop\\laravel-cs440-project\\440-Group-20-Spring-2023-master\\Code\\UniConnect-App\\vendor\\laravel\\framework\\src\\Illuminate\\Pipeline\\Pipeline.php(180): Inertia\\Middleware->handle(Object(Illuminate\\Http\\Request), Object(Closure))
#25 C:\\Users\\adeel\\OneDrive\\Desktop\\laravel-cs440-project\\440-Group-20-Spring-2023-master\\Code\\UniConnect-App\\vendor\\laravel\\framework\\src\\Illuminate\\Routing\\Middleware\\SubstituteBindings.php(50): Illuminate\\Pipeline\\Pipeline->Illuminate\\Pipeline\\{closure}(Object(Illuminate\\Http\\Request))
#26 C:\\Users\\adeel\\OneDrive\\Desktop\\laravel-cs440-project\\440-Group-20-Spring-2023-master\\Code\\UniConnect-App\\vendor\\laravel\\framework\\src\\Illuminate\\Pipeline\\Pipeline.php(180): Illuminate\\Routing\\Middleware\\SubstituteBindings->handle(Object(Illuminate\\Http\\Request), Object(Closure))
#27 C:\\Users\\adeel\\OneDrive\\Desktop\\laravel-cs440-project\\440-Group-20-Spring-2023-master\\Code\\UniConnect-App\\vendor\\laravel\\framework\\src\\Illuminate\\Foundation\\Http\\Middleware\\VerifyCsrfToken.php(78): Illuminate\\Pipeline\\Pipeline->Illuminate\\Pipeline\\{closure}(Object(Illuminate\\Http\\Request))
#28 C:\\Users\\adeel\\OneDrive\\Desktop\\laravel-cs440-project\\440-Group-20-Spring-2023-master\\Code\\UniConnect-App\\vendor\\laravel\\framework\\src\\Illuminate\\Pipeline\\Pipeline.php(180): Illuminate\\Foundation\\Http\\Middleware\\VerifyCsrfToken->handle(Object(Illuminate\\Http\\Request), Object(Closure))
#29 C:\\Users\\adeel\\OneDrive\\Desktop\\laravel-cs440-project\\440-Group-20-Spring-2023-master\\Code\\UniConnect-App\\vendor\\laravel\\framework\\src\\Illuminate\\View\\Middleware\\ShareErrorsFromSession.php(49): Illuminate\\Pipeline\\Pipeline->Illuminate\\Pipeline\\{closure}(Object(Illuminate\\Http\\Request))
#30 C:\\Users\\adeel\\OneDrive\\Desktop\\laravel-cs440-project\\440-Group-20-Spring-2023-master\\Code\\UniConnect-App\\vendor\\laravel\\framework\\src\\Illuminate\\Pipeline\\Pipeline.php(180): Illuminate\\View\\Middleware\\ShareErrorsFromSession->handle(Object(Illuminate\\Http\\Request), Object(Closure))
#31 C:\\Users\\adeel\\OneDrive\\Desktop\\laravel-cs440-project\\440-Group-20-Spring-2023-master\\Code\\UniConnect-App\\vendor\\laravel\\framework\\src\\Illuminate\\Session\\Middleware\\StartSession.php(121): Illuminate\\Pipeline\\Pipeline->Illuminate\\Pipeline\\{closure}(Object(Illuminate\\Http\\Request))
#32 C:\\Users\\adeel\\OneDrive\\Desktop\\laravel-cs440-project\\440-Group-20-Spring-2023-master\\Code\\UniConnect-App\\vendor\\laravel\\framework\\src\\Illuminate\\Session\\Middleware\\StartSession.php(64): Illuminate\\Session\\Middleware\\StartSession->handleStatefulRequest(Object(Illuminate\\Http\\Request), Object(Illuminate\\Session\\Store), Object(Closure))
#33 C:\\Users\\adeel\\OneDrive\\Desktop\\laravel-cs440-project\\440-Group-20-Spring-2023-master\\Code\\UniConnect-App\\vendor\\laravel\\framework\\src\\Illuminate\\Pipeline\\Pipeline.php(180): Illuminate\\Session\\Middleware\\StartSession->handle(Object(Illuminate\\Http\\Request), Object(Closure))
#34 C:\\Users\\adeel\\OneDrive\\Desktop\\laravel-cs440-project\\440-Group-20-Spring-2023-master\\Code\\UniConnect-App\\vendor\\laravel\\framework\\src\\Illuminate\\Cookie\\Middleware\\AddQueuedCookiesToResponse.php(37): Illuminate\\Pipeline\\Pipeline->Illuminate\\Pipeline\\{closure}(Object(Illuminate\\Http\\Request))
#35 C:\\Users\\adeel\\OneDrive\\Desktop\\laravel-cs440-project\\440-Group-20-Spring-2023-master\\Code\\UniConnect-App\\vendor\\laravel\\framework\\src\\Illuminate\\Pipeline\\Pipeline.php(180): Illuminate\\Cookie\\Middleware\\AddQueuedCookiesToResponse->handle(Object(Illuminate\\Http\\Request), Object(Closure))
#36 C:\\Users\\adeel\\OneDrive\\Desktop\\laravel-cs440-project\\440-Group-20-Spring-2023-master\\Code\\UniConnect-App\\vendor\\laravel\\framework\\src\\Illuminate\\Cookie\\Middleware\\EncryptCookies.php(67): Illuminate\\Pipeline\\Pipeline->Illuminate\\Pipeline\\{closure}(Object(Illuminate\\Http\\Request))
#37 C:\\Users\\adeel\\OneDrive\\Desktop\\laravel-cs440-project\\440-Group-20-Spring-2023-master\\Code\\UniConnect-App\\vendor\\laravel\\framework\\src\\Illuminate\\Pipeline\\Pipeline.php(180): Illuminate\\Cookie\\Middleware\\EncryptCookies->handle(Object(Illuminate\\Http\\Request), Object(Closure))
#38 C:\\Users\\adeel\\OneDrive\\Desktop\\laravel-cs440-project\\440-Group-20-Spring-2023-master\\Code\\UniConnect-App\\vendor\\laravel\\framework\\src\\Illuminate\\Pipeline\\Pipeline.php(116): Illuminate\\Pipeline\\Pipeline->Illuminate\\Pipeline\\{closure}(Object(Illuminate\\Http\\Request))
#39 C:\\Users\\adeel\\OneDrive\\Desktop\\laravel-cs440-project\\440-Group-20-Spring-2023-master\\Code\\UniConnect-App\\vendor\\laravel\\framework\\src\\Illuminate\\Routing\\Router.php(797): Illuminate\\Pipeline\\Pipeline->then(Object(Closure))
#40 C:\\Users\\adeel\\OneDrive\\Desktop\\laravel-cs440-project\\440-Group-20-Spring-2023-master\\Code\\UniConnect-App\\vendor\\laravel\\framework\\src\\Illuminate\\Routing\\Router.php(776): Illuminate\\Routing\\Router->runRouteWithinStack(Object(Illuminate\\Routing\\Route), Object(Illuminate\\Http\\Request))
#41 C:\\Users\\adeel\\OneDrive\\Desktop\\laravel-cs440-project\\440-Group-20-Spring-2023-master\\Code\\UniConnect-App\\vendor\\laravel\\framework\\src\\Illuminate\\Routing\\Router.php(740): Illuminate\\Routing\\Router->runRoute(Object(Illuminate\\Http\\Request), Object(Illuminate\\Routing\\Route))
#42 C:\\Users\\adeel\\OneDrive\\Desktop\\laravel-cs440-project\\440-Group-20-Spring-2023-master\\Code\\UniConnect-App\\vendor\\laravel\\framework\\src\\Illuminate\\Routing\\Router.php(729): Illuminate\\Routing\\Router->dispatchToRoute(Object(Illuminate\\Http\\Request))
#43 C:\\Users\\adeel\\OneDrive\\Desktop\\laravel-cs440-project\\440-Group-20-Spring-2023-master\\Code\\UniConnect-App\\vendor\\laravel\\framework\\src\\Illuminate\\Foundation\\Http\\Kernel.php(200): Illuminate\\Routing\\Router->dispatch(Object(Illuminate\\Http\\Request))
#44 C:\\Users\\adeel\\OneDrive\\Desktop\\laravel-cs440-project\\440-Group-20-Spring-2023-master\\Code\\UniConnect-App\\vendor\\laravel\\framework\\src\\Illuminate\\Pipeline\\Pipeline.php(141): Illuminate\\Foundation\\Http\\Kernel->Illuminate\\Foundation\\Http\\{closure}(Object(Illuminate\\Http\\Request))
#45 C:\\Users\\adeel\\OneDrive\\Desktop\\laravel-cs440-project\\440-Group-20-Spring-2023-master\\Code\\UniConnect-App\\vendor\\laravel\\framework\\src\\Illuminate\\Foundation\\Http\\Middleware\\TransformsRequest.php(21): Illuminate\\Pipeline\\Pipeline->Illuminate\\Pipeline\\{closure}(Object(Illuminate\\Http\\Request))
#46 C:\\Users\\adeel\\OneDrive\\Desktop\\laravel-cs440-project\\440-Group-20-Spring-2023-master\\Code\\UniConnect-App\\vendor\\laravel\\framework\\src\\Illuminate\\Foundation\\Http\\Middleware\\ConvertEmptyStringsToNull.php(31): Illuminate\\Foundation\\Http\\Middleware\\TransformsRequest->handle(Object(Illuminate\\Http\\Request), Object(Closure))
#47 C:\\Users\\adeel\\OneDrive\\Desktop\\laravel-cs440-project\\440-Group-20-Spring-2023-master\\Code\\UniConnect-App\\vendor\\laravel\\framework\\src\\Illuminate\\Pipeline\\Pipeline.php(180): Illuminate\\Foundation\\Http\\Middleware\\ConvertEmptyStringsToNull->handle(Object(Illuminate\\Http\\Request), Object(Closure))
#48 C:\\Users\\adeel\\OneDrive\\Desktop\\laravel-cs440-project\\440-Group-20-Spring-2023-master\\Code\\UniConnect-App\\vendor\\laravel\\framework\\src\\Illuminate\\Foundation\\Http\\Middleware\\TransformsRequest.php(21): Illuminate\\Pipeline\\Pipeline->Illuminate\\Pipeline\\{closure}(Object(Illuminate\\Http\\Request))
#49 C:\\Users\\adeel\\OneDrive\\Desktop\\laravel-cs440-project\\440-Group-20-Spring-2023-master\\Code\\UniConnect-App\\vendor\\laravel\\framework\\src\\Illuminate\\Foundation\\Http\\Middleware\\TrimStrings.php(40): Illuminate\\Foundation\\Http\\Middleware\\TransformsRequest->handle(Object(Illuminate\\Http\\Request), Object(Closure))
#50 C:\\Users\\adeel\\OneDrive\\Desktop\\laravel-cs440-project\\440-Group-20-Spring-2023-master\\Code\\UniConnect-App\\vendor\\laravel\\framework\\src\\Illuminate\\Pipeline\\Pipeline.php(180): Illuminate\\Foundation\\Http\\Middleware\\TrimStrings->handle(Object(Illuminate\\Http\\Request), Object(Closure))
#51 C:\\Users\\adeel\\OneDrive\\Desktop\\laravel-cs440-project\\440-Group-20-Spring-2023-master\\Code\\UniConnect-App\\vendor\\laravel\\framework\\src\\Illuminate\\Foundation\\Http\\Middleware\\ValidatePostSize.php(27): Illuminate\\Pipeline\\Pipeline->Illuminate\\Pipeline\\{closure}(Object(Illuminate\\Http\\Request))
#52 C:\\Users\\adeel\\OneDrive\\Desktop\\laravel-cs440-project\\440-Group-20-Spring-2023-master\\Code\\UniConnect-App\\vendor\\laravel\\framework\\src\\Illuminate\\Pipeline\\Pipeline.php(180): Illuminate\\Foundation\\Http\\Middleware\\ValidatePostSize->handle(Object(Illuminate\\Http\\Request), Object(Closure))
#53 C:\\Users\\adeel\\OneDrive\\Desktop\\laravel-cs440-project\\440-Group-20-Spring-2023-master\\Code\\UniConnect-App\\vendor\\laravel\\framework\\src\\Illuminate\\Foundation\\Http\\Middleware\\PreventRequestsDuringMaintenance.php(86): Illuminate\\Pipeline\\Pipeline->Illuminate\\Pipeline\\{closure}(Object(Illuminate\\Http\\Request))
#54 C:\\Users\\adeel\\OneDrive\\Desktop\\laravel-cs440-project\\440-Group-20-Spring-2023-master\\Code\\UniConnect-App\\vendor\\laravel\\framework\\src\\Illuminate\\Pipeline\\Pipeline.php(180): Illuminate\\Foundation\\Http\\Middleware\\PreventRequestsDuringMaintenance->handle(Object(Illuminate\\Http\\Request), Object(Closure))
#55 C:\\Users\\adeel\\OneDrive\\Desktop\\laravel-cs440-project\\440-Group-20-Spring-2023-master\\Code\\UniConnect-App\\vendor\\laravel\\framework\\src\\Illuminate\\Http\\Middleware\\HandleCors.php(49): Illuminate\\Pipeline\\Pipeline->Illuminate\\Pipeline\\{closure}(Object(Illuminate\\Http\\Request))
#56 C:\\Users\\adeel\\OneDrive\\Desktop\\laravel-cs440-project\\440-Group-20-Spring-2023-master\\Code\\UniConnect-App\\vendor\\laravel\\framework\\src\\Illuminate\\Pipeline\\Pipeline.php(180): Illuminate\\Http\\Middleware\\HandleCors->handle(Object(Illuminate\\Http\\Request), Object(Closure))
#57 C:\\Users\\adeel\\OneDrive\\Desktop\\laravel-cs440-project\\440-Group-20-Spring-2023-master\\Code\\UniConnect-App\\vendor\\laravel\\framework\\src\\Illuminate\\Http\\Middleware\\TrustProxies.php(39): Illuminate\\Pipeline\\Pipeline->Illuminate\\Pipeline\\{closure}(Object(Illuminate\\Http\\Request))
#58 C:\\Users\\adeel\\OneDrive\\Desktop\\laravel-cs440-project\\440-Group-20-Spring-2023-master\\Code\\UniConnect-App\\vendor\\laravel\\framework\\src\\Illuminate\\Pipeline\\Pipeline.php(180): Illuminate\\Http\\Middleware\\TrustProxies->handle(Object(Illuminate\\Http\\Request), Object(Closure))
#59 C:\\Users\\adeel\\OneDrive\\Desktop\\laravel-cs440-project\\440-Group-20-Spring-2023-master\\Code\\UniConnect-App\\vendor\\laravel\\framework\\src\\Illuminate\\Pipeline\\Pipeline.php(116): Illuminate\\Pipeline\\Pipeline->Illuminate\\Pipeline\\{closure}(Object(Illuminate\\Http\\Request))
#60 C:\\Users\\adeel\\OneDrive\\Desktop\\laravel-cs440-project\\440-Group-20-Spring-2023-master\\Code\\UniConnect-App\\vendor\\laravel\\framework\\src\\Illuminate\\Foundation\\Http\\Kernel.php(175): Illuminate\\Pipeline\\Pipeline->then(Object(Closure))
#61 C:\\Users\\adeel\\OneDrive\\Desktop\\laravel-cs440-project\\440-Group-20-Spring-2023-master\\Code\\UniConnect-App\\vendor\\laravel\\framework\\src\\Illuminate\\Foundation\\Http\\Kernel.php(144): Illuminate\\Foundation\\Http\\Kernel->sendRequestThroughRouter(Object(Illuminate\\Http\\Request))
#62 C:\\Users\\adeel\\OneDrive\\Desktop\\laravel-cs440-project\\440-Group-20-Spring-2023-master\\Code\\UniConnect-App\\public\\index.php(51): Illuminate\\Foundation\\Http\\Kernel->handle(Object(Illuminate\\Http\\Request))
#63 C:\\Users\\adeel\\OneDrive\\Desktop\\laravel-cs440-project\\440-Group-20-Spring-2023-master\\Code\\UniConnect-App\\vendor\\laravel\\framework\\src\\Illuminate\\Foundation\\resources\\server.php(16): require_once('C:\\\\Users\\\\adeel\\\\...')
#64 {main}

[previous exception] [object] (Exception(code: 0): Vite manifest not found at: C:\\Users\\adeel\\OneDrive\\Desktop\\laravel-cs440-project\\440-Group-20-Spring-2023-master\\Code\\UniConnect-App\\public\\build/manifest.json at C:\\Users\\adeel\\OneDrive\\Desktop\\laravel-cs440-project\\440-Group-20-Spring-2023-master\\Code\\UniConnect-App\\vendor\\laravel\\framework\\src\\Illuminate\\Foundation\\Vite.php:684)
[stacktrace]
#0 C:\\Users\\adeel\\OneDrive\\Desktop\\laravel-cs440-project\\440-Group-20-Spring-2023-master\\Code\\UniConnect-App\\vendor\\laravel\\framework\\src\\Illuminate\\Foundation\\Vite.php(273): Illuminate\\Foundation\\Vite->manifest('build')
#1 C:\\Users\\adeel\\OneDrive\\Desktop\\laravel-cs440-project\\440-Group-20-Spring-2023-master\\Code\\UniConnect-App\\storage\\framework\\views\\53c4c5936a234a80409afedc8c834e32.php(15): Illuminate\\Foundation\\Vite->__invoke(Object(Illuminate\\Support\\Collection))
#2 C:\\Users\\adeel\\OneDrive\\Desktop\\laravel-cs440-project\\440-Group-20-Spring-2023-master\\Code\\UniConnect-App\\vendor\\laravel\\framework\\src\\Illuminate\\Filesystem\\Filesystem.php(124): require('C:\\\\Users\\\\adeel\\\\...')
#3 C:\\Users\\adeel\\OneDrive\\Desktop\\laravel-cs440-project\\440-Group-20-Spring-2023-master\\Code\\UniConnect-App\\vendor\\laravel\\framework\\src\\Illuminate\\Filesystem\\Filesystem.php(125): Illuminate\\Filesystem\\Filesystem::Illuminate\\Filesystem\\{closure}()
#4 C:\\Users\\adeel\\OneDrive\\Desktop\\laravel-cs440-project\\440-Group-20-Spring-2023-master\\Code\\UniConnect-App\\vendor\\laravel\\framework\\src\\Illuminate\\View\\Engines\\PhpEngine.php(58): Illuminate\\Filesystem\\Filesystem->getRequire('C:\\\\Users\\\\adeel\\\\...', Array)
#5 C:\\Users\\adeel\\OneDrive\\Desktop\\laravel-cs440-project\\440-Group-20-Spring-2023-master\\Code\\UniConnect-App\\vendor\\laravel\\framework\\src\\Illuminate\\View\\Engines\\CompilerEngine.php(70): Illuminate\\View\\Engines\\PhpEngine->evaluatePath('C:\\\\Users\\\\adeel\\\\...', Array)
#6 C:\\Users\\adeel\\OneDrive\\Desktop\\laravel-cs440-project\\440-Group-20-Spring-2023-master\\Code\\UniConnect-App\\vendor\\laravel\\framework\\src\\Illuminate\\View\\View.php(195): Illuminate\\View\\Engines\\CompilerEngine->get('C:\\\\Users\\\\adeel\\\\...', Array)
#7 C:\\Users\\adeel\\OneDrive\\Desktop\\laravel-cs440-project\\440-Group-20-Spring-2023-master\\Code\\UniConnect-App\\vendor\\laravel\\framework\\src\\Illuminate\\View\\View.php(178): Illuminate\\View\\View->getContents()
#8 C:\\Users\\adeel\\OneDrive\\Desktop\\laravel-cs440-project\\440-Group-20-Spring-2023-master\\Code\\UniConnect-App\\vendor\\laravel\\framework\\src\\Illuminate\\View\\View.php(147): Illuminate\\View\\View->renderContents()
#9 C:\\Users\\adeel\\OneDrive\\Desktop\\laravel-cs440-project\\440-Group-20-Spring-2023-master\\Code\\UniConnect-App\\vendor\\laravel\\framework\\src\\Illuminate\\Http\\Response.php(69): Illuminate\\View\\View->render()
#10 C:\\Users\\adeel\\OneDrive\\Desktop\\laravel-cs440-project\\440-Group-20-Spring-2023-master\\Code\\UniConnect-App\\vendor\\laravel\\framework\\src\\Illuminate\\Http\\Response.php(35): Illuminate\\Http\\Response->setContent(Object(Illuminate\\View\\View))
#11 C:\\Users\\adeel\\OneDrive\\Desktop\\laravel-cs440-project\\440-Group-20-Spring-2023-master\\Code\\UniConnect-App\\vendor\\laravel\\framework\\src\\Illuminate\\Routing\\ResponseFactory.php(57): Illuminate\\Http\\Response->__construct(Object(Illuminate\\View\\View), 200, Array)
#12 C:\\Users\\adeel\\OneDrive\\Desktop\\laravel-cs440-project\\440-Group-20-Spring-2023-master\\Code\\UniConnect-App\\vendor\\laravel\\framework\\src\\Illuminate\\Routing\\ResponseFactory.php(87): Illuminate\\Routing\\ResponseFactory->make(Object(Illuminate\\View\\View), 200, Array)
#13 C:\\Users\\adeel\\OneDrive\\Desktop\\laravel-cs440-project\\440-Group-20-Spring-2023-master\\Code\\UniConnect-App\\vendor\\laravel\\framework\\src\\Illuminate\\Support\\Facades\\Facade.php(353): Illuminate\\Routing\\ResponseFactory->view('app', Array)
#14 C:\\Users\\adeel\\OneDrive\\Desktop\\laravel-cs440-project\\440-Group-20-Spring-2023-master\\Code\\UniConnect-App\\vendor\\inertiajs\\inertia-laravel\\src\\Response.php(110): Illuminate\\Support\\Facades\\Facade::__callStatic('view', Array)
#15 C:\\Users\\adeel\\OneDrive\\Desktop\\laravel-cs440-project\\440-Group-20-Spring-2023-master\\Code\\UniConnect-App\\vendor\\laravel\\framework\\src\\Illuminate\\Routing\\Router.php(888): Inertia\\Response->toResponse(Object(Illuminate\\Http\\Request))
#16 C:\\Users\\adeel\\OneDrive\\Desktop\\laravel-cs440-project\\440-Group-20-Spring-2023-master\\Code\\UniConnect-App\\vendor\\laravel\\framework\\src\\Illuminate\\Routing\\Router.php(875): Illuminate\\Routing\\Router::toResponse(Object(Illuminate\\Http\\Request), Object(Inertia\\Response))
#17 C:\\Users\\adeel\\OneDrive\\Desktop\\laravel-cs440-project\\440-Group-20-Spring-2023-master\\Code\\UniConnect-App\\vendor\\laravel\\framework\\src\\Illuminate\\Routing\\Router.php(797): Illuminate\\Routing\\Router->prepareResponse(Object(Illuminate\\Http\\Request), Object(Inertia\\Response))
#18 C:\\Users\\adeel\\OneDrive\\Desktop\\laravel-cs440-project\\440-Group-20-Spring-2023-master\\Code\\UniConnect-App\\vendor\\laravel\\framework\\src\\Illuminate\\Pipeline\\Pipeline.php(141): Illuminate\\Routing\\Router->Illuminate\\Routing\\{closure}(Object(Illuminate\\Http\\Request))
#19 C:\\Users\\adeel\\OneDrive\\Desktop\\laravel-cs440-project\\440-Group-20-Spring-2023-master\\Code\\UniConnect-App\\app\\Http\\Middleware\\RedirectIfAuthenticated.php(28): Illuminate\\Pipeline\\Pipeline->Illuminate\\Pipeline\\{closure}(Object(Illuminate\\Http\\Request))
#20 C:\\Users\\adeel\\OneDrive\\Desktop\\laravel-cs440-project\\440-Group-20-Spring-2023-master\\Code\\UniConnect-App\\vendor\\laravel\\framework\\src\\Illuminate\\Pipeline\\Pipeline.php(180): App\\Http\\Middleware\\RedirectIfAuthenticated->handle(Object(Illuminate\\Http\\Request), Object(Closure))
#21 C:\\Users\\adeel\\OneDrive\\Desktop\\laravel-cs440-project\\440-Group-20-Spring-2023-master\\Code\\UniConnect-App\\vendor\\laravel\\framework\\src\\Illuminate\\Http\\Middleware\\AddLinkHeadersForPreloadedAssets.php(19): Illuminate\\Pipeline\\Pipeline->Illuminate\\Pipeline\\{closure}(Object(Illuminate\\Http\\Request))
#22 C:\\Users\\adeel\\OneDrive\\Desktop\\laravel-cs440-project\\440-Group-20-Spring-2023-master\\Code\\UniConnect-App\\vendor\\laravel\\framework\\src\\Illuminate\\Pipeline\\Pipeline.php(180): Illuminate\\Http\\Middleware\\AddLinkHeadersForPreloadedAssets->handle(Object(Illuminate\\Http\\Request), Object(Closure))
#23 C:\\Users\\adeel\\OneDrive\\Desktop\\laravel-cs440-project\\440-Group-20-Spring-2023-master\\Code\\UniConnect-App\\vendor\\inertiajs\\inertia-laravel\\src\\Middleware.php(87): Illuminate\\Pipeline\\Pipeline->Illuminate\\Pipeline\\{closure}(Object(Illuminate\\Http\\Request))
#24 C:\\Users\\adeel\\OneDrive\\Desktop\\laravel-cs440-project\\440-Group-20-Spring-2023-master\\Code\\UniConnect-App\\vendor\\laravel\\framework\\src\\Illuminate\\Pipeline\\Pipeline.php(180): Inertia\\Middleware->handle(Object(Illuminate\\Http\\Request), Object(Closure))
#25 C:\\Users\\adeel\\OneDrive\\Desktop\\laravel-cs440-project\\440-Group-20-Spring-2023-master\\Code\\UniConnect-App\\vendor\\laravel\\framework\\src\\Illuminate\\Routing\\Middleware\\SubstituteBindings.php(50): Illuminate\\Pipeline\\Pipeline->Illuminate\\Pipeline\\{closure}(Object(Illuminate\\Http\\Request))
#26 C:\\Users\\adeel\\OneDrive\\Desktop\\laravel-cs440-project\\440-Group-20-Spring-2023-master\\Code\\UniConnect-App\\vendor\\laravel\\framework\\src\\Illuminate\\Pipeline\\Pipeline.php(180): Illuminate\\Routing\\Middleware\\SubstituteBindings->handle(Object(Illuminate\\Http\\Request), Object(Closure))
#27 C:\\Users\\adeel\\OneDrive\\Desktop\\laravel-cs440-project\\440-Group-20-Spring-2023-master\\Code\\UniConnect-App\\vendor\\laravel\\framework\\src\\Illuminate\\Foundation\\Http\\Middleware\\VerifyCsrfToken.php(78): Illuminate\\Pipeline\\Pipeline->Illuminate\\Pipeline\\{closure}(Object(Illuminate\\Http\\Request))
#28 C:\\Users\\adeel\\OneDrive\\Desktop\\laravel-cs440-project\\440-Group-20-Spring-2023-master\\Code\\UniConnect-App\\vendor\\laravel\\framework\\src\\Illuminate\\Pipeline\\Pipeline.php(180): Illuminate\\Foundation\\Http\\Middleware\\VerifyCsrfToken->handle(Object(Illuminate\\Http\\Request), Object(Closure))
#29 C:\\Users\\adeel\\OneDrive\\Desktop\\laravel-cs440-project\\440-Group-20-Spring-2023-master\\Code\\UniConnect-App\\vendor\\laravel\\framework\\src\\Illuminate\\View\\Middleware\\ShareErrorsFromSession.php(49): Illuminate\\Pipeline\\Pipeline->Illuminate\\Pipeline\\{closure}(Object(Illuminate\\Http\\Request))
#30 C:\\Users\\adeel\\OneDrive\\Desktop\\laravel-cs440-project\\440-Group-20-Spring-2023-master\\Code\\UniConnect-App\\vendor\\laravel\\framework\\src\\Illuminate\\Pipeline\\Pipeline.php(180): Illuminate\\View\\Middleware\\ShareErrorsFromSession->handle(Object(Illuminate\\Http\\Request), Object(Closure))
#31 C:\\Users\\adeel\\OneDrive\\Desktop\\laravel-cs440-project\\440-Group-20-Spring-2023-master\\Code\\UniConnect-App\\vendor\\laravel\\framework\\src\\Illuminate\\Session\\Middleware\\StartSession.php(121): Illuminate\\Pipeline\\Pipeline->Illuminate\\Pipeline\\{closure}(Object(Illuminate\\Http\\Request))
#32 C:\\Users\\adeel\\OneDrive\\Desktop\\laravel-cs440-project\\440-Group-20-Spring-2023-master\\Code\\UniConnect-App\\vendor\\laravel\\framework\\src\\Illuminate\\Session\\Middleware\\StartSession.php(64): Illuminate\\Session\\Middleware\\StartSession->handleStatefulRequest(Object(Illuminate\\Http\\Request), Object(Illuminate\\Session\\Store), Object(Closure))
#33 C:\\Users\\adeel\\OneDrive\\Desktop\\laravel-cs440-project\\440-Group-20-Spring-2023-master\\Code\\UniConnect-App\\vendor\\laravel\\framework\\src\\Illuminate\\Pipeline\\Pipeline.php(180): Illuminate\\Session\\Middleware\\StartSession->handle(Object(Illuminate\\Http\\Request), Object(Closure))
#34 C:\\Users\\adeel\\OneDrive\\Desktop\\laravel-cs440-project\\440-Group-20-Spring-2023-master\\Code\\UniConnect-App\\vendor\\laravel\\framework\\src\\Illuminate\\Cookie\\Middleware\\AddQueuedCookiesToResponse.php(37): Illuminate\\Pipeline\\Pipeline->Illuminate\\Pipeline\\{closure}(Object(Illuminate\\Http\\Request))
#35 C:\\Users\\adeel\\OneDrive\\Desktop\\laravel-cs440-project\\440-Group-20-Spring-2023-master\\Code\\UniConnect-App\\vendor\\laravel\\framework\\src\\Illuminate\\Pipeline\\Pipeline.php(180): Illuminate\\Cookie\\Middleware\\AddQueuedCookiesToResponse->handle(Object(Illuminate\\Http\\Request), Object(Closure))
#36 C:\\Users\\adeel\\OneDrive\\Desktop\\laravel-cs440-project\\440-Group-20-Spring-2023-master\\Code\\UniConnect-App\\vendor\\laravel\\framework\\src\\Illuminate\\Cookie\\Middleware\\EncryptCookies.php(67): Illuminate\\Pipeline\\Pipeline->Illuminate\\Pipeline\\{closure}(Object(Illuminate\\Http\\Request))
#37 C:\\Users\\adeel\\OneDrive\\Desktop\\laravel-cs440-project\\440-Group-20-Spring-2023-master\\Code\\UniConnect-App\\vendor\\laravel\\framework\\src\\Illuminate\\Pipeline\\Pipeline.php(180): Illuminate\\Cookie\\Middleware\\EncryptCookies->handle(Object(Illuminate\\Http\\Request), Object(Closure))
#38 C:\\Users\\adeel\\OneDrive\\Desktop\\laravel-cs440-project\\440-Group-20-Spring-2023-master\\Code\\UniConnect-App\\vendor\\laravel\\framework\\src\\Illuminate\\Pipeline\\Pipeline.php(116): Illuminate\\Pipeline\\Pipeline->Illuminate\\Pipeline\\{closure}(Object(Illuminate\\Http\\Request))
#39 C:\\Users\\adeel\\OneDrive\\Desktop\\laravel-cs440-project\\440-Group-20-Spring-2023-master\\Code\\UniConnect-App\\vendor\\laravel\\framework\\src\\Illuminate\\Routing\\Router.php(797): Illuminate\\Pipeline\\Pipeline->then(Object(Closure))
#40 C:\\Users\\adeel\\OneDrive\\Desktop\\laravel-cs440-project\\440-Group-20-Spring-2023-master\\Code\\UniConnect-App\\vendor\\laravel\\framework\\src\\Illuminate\\Routing\\Router.php(776): Illuminate\\Routing\\Router->runRouteWithinStack(Object(Illuminate\\Routing\\Route), Object(Illuminate\\Http\\Request))
#41 C:\\Users\\adeel\\OneDrive\\Desktop\\laravel-cs440-project\\440-Group-20-Spring-2023-master\\Code\\UniConnect-App\\vendor\\laravel\\framework\\src\\Illuminate\\Routing\\Router.php(740): Illuminate\\Routing\\Router->runRoute(Object(Illuminate\\Http\\Request), Object(Illuminate\\Routing\\Route))
#42 C:\\Users\\adeel\\OneDrive\\Desktop\\laravel-cs440-project\\440-Group-20-Spring-2023-master\\Code\\UniConnect-App\\vendor\\laravel\\framework\\src\\Illuminate\\Routing\\Router.php(729): Illuminate\\Routing\\Router->dispatchToRoute(Object(Illuminate\\Http\\Request))
#43 C:\\Users\\adeel\\OneDrive\\Desktop\\laravel-cs440-project\\440-Group-20-Spring-2023-master\\Code\\UniConnect-App\\vendor\\laravel\\framework\\src\\Illuminate\\Foundation\\Http\\Kernel.php(200): Illuminate\\Routing\\Router->dispatch(Object(Illuminate\\Http\\Request))
#44 C:\\Users\\adeel\\OneDrive\\Desktop\\laravel-cs440-project\\440-Group-20-Spring-2023-master\\Code\\UniConnect-App\\vendor\\laravel\\framework\\src\\Illuminate\\Pipeline\\Pipeline.php(141): Illuminate\\Foundation\\Http\\Kernel->Illuminate\\Foundation\\Http\\{closure}(Object(Illuminate\\Http\\Request))
#45 C:\\Users\\adeel\\OneDrive\\Desktop\\laravel-cs440-project\\440-Group-20-Spring-2023-master\\Code\\UniConnect-App\\vendor\\laravel\\framework\\src\\Illuminate\\Foundation\\Http\\Middleware\\TransformsRequest.php(21): Illuminate\\Pipeline\\Pipeline->Illuminate\\Pipeline\\{closure}(Object(Illuminate\\Http\\Request))
#46 C:\\Users\\adeel\\OneDrive\\Desktop\\laravel-cs440-project\\440-Group-20-Spring-2023-master\\Code\\UniConnect-App\\vendor\\laravel\\framework\\src\\Illuminate\\Foundation\\Http\\Middleware\\ConvertEmptyStringsToNull.php(31): Illuminate\\Foundation\\Http\\Middleware\\TransformsRequest->handle(Object(Illuminate\\Http\\Request), Object(Closure))
#47 C:\\Users\\adeel\\OneDrive\\Desktop\\laravel-cs440-project\\440-Group-20-Spring-2023-master\\Code\\UniConnect-App\\vendor\\laravel\\framework\\src\\Illuminate\\Pipeline\\Pipeline.php(180): Illuminate\\Foundation\\Http\\Middleware\\ConvertEmptyStringsToNull->handle(Object(Illuminate\\Http\\Request), Object(Closure))
#48 C:\\Users\\adeel\\OneDrive\\Desktop\\laravel-cs440-project\\440-Group-20-Spring-2023-master\\Code\\UniConnect-App\\vendor\\laravel\\framework\\src\\Illuminate\\Foundation\\Http\\Middleware\\TransformsRequest.php(21): Illuminate\\Pipeline\\Pipeline->Illuminate\\Pipeline\\{closure}(Object(Illuminate\\Http\\Request))
#49 C:\\Users\\adeel\\OneDrive\\Desktop\\laravel-cs440-project\\440-Group-20-Spring-2023-master\\Code\\UniConnect-App\\vendor\\laravel\\framework\\src\\Illuminate\\Foundation\\Http\\Middleware\\TrimStrings.php(40): Illuminate\\Foundation\\Http\\Middleware\\TransformsRequest->handle(Object(Illuminate\\Http\\Request), Object(Closure))
#50 C:\\Users\\adeel\\OneDrive\\Desktop\\laravel-cs440-project\\440-Group-20-Spring-2023-master\\Code\\UniConnect-App\\vendor\\laravel\\framework\\src\\Illuminate\\Pipeline\\Pipeline.php(180): Illuminate\\Foundation\\Http\\Middleware\\TrimStrings->handle(Object(Illuminate\\Http\\Request), Object(Closure))
#51 C:\\Users\\adeel\\OneDrive\\Desktop\\laravel-cs440-project\\440-Group-20-Spring-2023-master\\Code\\UniConnect-App\\vendor\\laravel\\framework\\src\\Illuminate\\Foundation\\Http\\Middleware\\ValidatePostSize.php(27): Illuminate\\Pipeline\\Pipeline->Illuminate\\Pipeline\\{closure}(Object(Illuminate\\Http\\Request))
#52 C:\\Users\\adeel\\OneDrive\\Desktop\\laravel-cs440-project\\440-Group-20-Spring-2023-master\\Code\\UniConnect-App\\vendor\\laravel\\framework\\src\\Illuminate\\Pipeline\\Pipeline.php(180): Illuminate\\Foundation\\Http\\Middleware\\ValidatePostSize->handle(Object(Illuminate\\Http\\Request), Object(Closure))
#53 C:\\Users\\adeel\\OneDrive\\Desktop\\laravel-cs440-project\\440-Group-20-Spring-2023-master\\Code\\UniConnect-App\\vendor\\laravel\\framework\\src\\Illuminate\\Foundation\\Http\\Middleware\\PreventRequestsDuringMaintenance.php(86): Illuminate\\Pipeline\\Pipeline->Illuminate\\Pipeline\\{closure}(Object(Illuminate\\Http\\Request))
#54 C:\\Users\\adeel\\OneDrive\\Desktop\\laravel-cs440-project\\440-Group-20-Spring-2023-master\\Code\\UniConnect-App\\vendor\\laravel\\framework\\src\\Illuminate\\Pipeline\\Pipeline.php(180): Illuminate\\Foundation\\Http\\Middleware\\PreventRequestsDuringMaintenance->handle(Object(Illuminate\\Http\\Request), Object(Closure))
#55 C:\\Users\\adeel\\OneDrive\\Desktop\\laravel-cs440-project\\440-Group-20-Spring-2023-master\\Code\\UniConnect-App\\vendor\\laravel\\framework\\src\\Illuminate\\Http\\Middleware\\HandleCors.php(49): Illuminate\\Pipeline\\Pipeline->Illuminate\\Pipeline\\{closure}(Object(Illuminate\\Http\\Request))
#56 C:\\Users\\adeel\\OneDrive\\Desktop\\laravel-cs440-project\\440-Group-20-Spring-2023-master\\Code\\UniConnect-App\\vendor\\laravel\\framework\\src\\Illuminate\\Pipeline\\Pipeline.php(180): Illuminate\\Http\\Middleware\\HandleCors->handle(Object(Illuminate\\Http\\Request), Object(Closure))
#57 C:\\Users\\adeel\\OneDrive\\Desktop\\laravel-cs440-project\\440-Group-20-Spring-2023-master\\Code\\UniConnect-App\\vendor\\laravel\\framework\\src\\Illuminate\\Http\\Middleware\\TrustProxies.php(39): Illuminate\\Pipeline\\Pipeline->Illuminate\\Pipeline\\{closure}(Object(Illuminate\\Http\\Request))
#58 C:\\Users\\adeel\\OneDrive\\Desktop\\laravel-cs440-project\\440-Group-20-Spring-2023-master\\Code\\UniConnect-App\\vendor\\laravel\\framework\\src\\Illuminate\\Pipeline\\Pipeline.php(180): Illuminate\\Http\\Middleware\\TrustProxies->handle(Object(Illuminate\\Http\\Request), Object(Closure))
#59 C:\\Users\\adeel\\OneDrive\\Desktop\\laravel-cs440-project\\440-Group-20-Spring-2023-master\\Code\\UniConnect-App\\vendor\\laravel\\framework\\src\\Illuminate\\Pipeline\\Pipeline.php(116): Illuminate\\Pipeline\\Pipeline->Illuminate\\Pipeline\\{closure}(Object(Illuminate\\Http\\Request))
#60 C:\\Users\\adeel\\OneDrive\\Desktop\\laravel-cs440-project\\440-Group-20-Spring-2023-master\\Code\\UniConnect-App\\vendor\\laravel\\framework\\src\\Illuminate\\Foundation\\Http\\Kernel.php(175): Illuminate\\Pipeline\\Pipeline->then(Object(Closure))
#61 C:\\Users\\adeel\\OneDrive\\Desktop\\laravel-cs440-project\\440-Group-20-Spring-2023-master\\Code\\UniConnect-App\\vendor\\laravel\\framework\\src\\Illuminate\\Foundation\\Http\\Kernel.php(144): Illuminate\\Foundation\\Http\\Kernel->sendRequestThroughRouter(Object(Illuminate\\Http\\Request))
#62 C:\\Users\\adeel\\OneDrive\\Desktop\\laravel-cs440-project\\440-Group-20-Spring-2023-master\\Code\\UniConnect-App\\public\\index.php(51): Illuminate\\Foundation\\Http\\Kernel->handle(Object(Illuminate\\Http\\Request))
#63 C:\\Users\\adeel\\OneDrive\\Desktop\\laravel-cs440-project\\440-Group-20-Spring-2023-master\\Code\\UniConnect-App\\vendor\\laravel\\framework\\src\\Illuminate\\Foundation\\resources\\server.php(16): require_once('C:\\\\Users\\\\adeel\\\\...')
#64 {main}
"} 
[2026-07-26 01:02:20] local.ERROR: Vite manifest not found at: C:\Users\adeel\OneDrive\Desktop\laravel-cs440-project\440-Group-20-Spring-2023-master\Code\UniConnect-App\public\build/manifest.json {"view":{"view":"C:\\Users\\adeel\\OneDrive\\Desktop\\laravel-cs440-project\\440-Group-20-Spring-2023-master\\Code\\UniConnect-App\\resources\\views\\app.blade.php","data":{"errors":"<pre class=sf-dump id=sf-dump-52446992 data-indent-pad=\"  \"><span class=sf-dump-note>Illuminate\\Support\\ViewErrorBag</span> {<a class=sf-dump-ref>#329</a><samp data-depth=1 class=sf-dump-expanded>
  #<span class=sf-dump-protected title=\"Protected property\">bags</span>: []
</samp>}
</pre><script>Sfdump(\"sf-dump-52446992\", {\"maxDepth\":3,\"maxStringLength\":160})</script>
","page":"<pre class=sf-dump id=sf-dump-26786540 data-indent-pad=\"  \"><span class=sf-dump-note>array:4</span> [<samp data-depth=1 class=sf-dump-expanded>
  \"<span class=sf-dump-key>component</span>\" => \"<span class=sf-dump-str title=\"10 characters\">Auth/Login</span>\"
  \"<span class=sf-dump-key>props</span>\" => <span class=sf-dump-note>array:5</span> [<samp data-depth=2 class=sf-dump-compact>
    \"<span class=sf-dump-key>errors</span>\" => {<a class=sf-dump-ref>#357</a>}
    \"<span class=sf-dump-key>auth</span>\" => <span class=sf-dump-note>array:1</span> [<samp data-depth=3 class=sf-dump-compact>
      \"<span class=sf-dump-key>user</span>\" => <span class=sf-dump-const>null</span>
    </samp>]
    \"<span class=sf-dump-key>ziggy</span>\" => <span class=sf-dump-note>array:5</span> [<samp data-depth=3 class=sf-dump-compact>
      \"<span class=sf-dump-key>url</span>\" => \"<span class=sf-dump-str title=\"21 characters\">http://127.0.0.1:8000</span>\"
      \"<span class=sf-dump-key>port</span>\" => <span class=sf-dump-num>8000</span>
      \"<span class=sf-dump-key>defaults</span>\" => []
      \"<span class=sf-dump-key>routes</span>\" => <span class=sf-dump-note>array:26</span> [ &#8230;26]
      \"<span class=sf-dump-key>location</span>\" => \"<span class=sf-dump-str title=\"27 characters\">http://127.0.0.1:8000/login</span>\"
    </samp>]
    \"<span class=sf-dump-key>canResetPassword</span>\" => <span class=sf-dump-const>true</span>
    \"<span class=sf-dump-key>status</span>\" => <span class=sf-dump-const>null</span>
  </samp>]
  \"<span class=sf-dump-key>url</span>\" => \"<span class=sf-dump-str title=\"6 characters\">/login</span>\"
  \"<span class=sf-dump-key>version</span>\" => \"\"
</samp>]
</pre><script>Sfdump(\"sf-dump-26786540\", {\"maxDepth\":3,\"maxStringLength\":160})</script>
"}},"exception":"[object] (Spatie\\LaravelIgnition\\Exceptions\\ViewException(code: 0): Vite manifest not found at: C:\\Users\\adeel\\OneDrive\\Desktop\\laravel-cs440-project\\440-Group-20-Spring-2023-master\\Code\\UniConnect-App\\public\\build/manifest.json at C:\\Users\\adeel\\OneDrive\\Desktop\\laravel-cs440-project\\440-Group-20-Spring-2023-master\\Code\\UniConnect-App\\vendor\\laravel\\framework\\src\\Illuminate\\Foundation\\Vite.php:684)
[stacktrace]
#0 C:\\Users\\adeel\\OneDrive\\Desktop\\laravel-cs440-project\\440-Group-20-Spring-2023-master\\Code\\UniConnect-App\\vendor\\laravel\\framework\\src\\Illuminate\\Foundation\\Vite.php(273): Illuminate\\Foundation\\Vite->manifest('build')
#1 C:\\Users\\adeel\\OneDrive\\Desktop\\laravel-cs440-project\\440-Group-20-Spring-2023-master\\Code\\UniConnect-App\\resources\\views\\app.blade.php(15): Illuminate\\Foundation\\Vite->__invoke(Object(Illuminate\\Support\\Collection))
#2 C:\\Users\\adeel\\OneDrive\\Desktop\\laravel-cs440-project\\440-Group-20-Spring-2023-master\\Code\\UniConnect-App\\vendor\\laravel\\framework\\src\\Illuminate\\Filesystem\\Filesystem.php(124): require('C:\\\\Users\\\\adeel\\\\...')
#3 C:\\Users\\adeel\\OneDrive\\Desktop\\laravel-cs440-project\\440-Group-20-Spring-2023-master\\Code\\UniConnect-App\\vendor\\laravel\\framework\\src\\Illuminate\\Filesystem\\Filesystem.php(125): Illuminate\\Filesystem\\Filesystem::Illuminate\\Filesystem\\{closure}()
#4 C:\\Users\\adeel\\OneDrive\\Desktop\\laravel-cs440-project\\440-Group-20-Spring-2023-master\\Code\\UniConnect-App\\vendor\\laravel\\framework\\src\\Illuminate\\View\\Engines\\PhpEngine.php(58): Illuminate\\Filesystem\\Filesystem->getRequire('C:\\\\Users\\\\adeel\\\\...', Array)
#5 C:\\Users\\adeel\\OneDrive\\Desktop\\laravel-cs440-project\\440-Group-20-Spring-2023-master\\Code\\UniConnect-App\\vendor\\laravel\\framework\\src\\Illuminate\\View\\Engines\\CompilerEngine.php(70): Illuminate\\View\\Engines\\PhpEngine->evaluatePath('C:\\\\Users\\\\adeel\\\\...', Array)
#6 C:\\Users\\adeel\\OneDrive\\Desktop\\laravel-cs440-project\\440-Group-20-Spring-2023-master\\Code\\UniConnect-App\\vendor\\laravel\\framework\\src\\Illuminate\\View\\View.php(195): Illuminate\\View\\Engines\\CompilerEngine->get('C:\\\\Users\\\\adeel\\\\...', Array)
#7 C:\\Users\\adeel\\OneDrive\\Desktop\\laravel-cs440-project\\440-Group-20-Spring-2023-master\\Code\\UniConnect-App\\vendor\\laravel\\framework\\src\\Illuminate\\View\\View.php(178): Illuminate\\View\\View->getContents()
#8 C:\\Users\\adeel\\OneDrive\\Desktop\\laravel-cs440-project\\440-Group-20-Spring-2023-master\\Code\\UniConnect-App\\vendor\\laravel\\framework\\src\\Illuminate\\View\\View.php(147): Illuminate\\View\\View->renderContents()
#9 C:\\Users\\adeel\\OneDrive\\Desktop\\laravel-cs440-project\\440-Group-20-Spring-2023-master\\Code\\UniConnect-App\\vendor\\laravel\\framework\\src\\Illuminate\\Http\\Response.php(69): Illuminate\\View\\View->render()
#10 C:\\Users\\adeel\\OneDrive\\Desktop\\laravel-cs440-project\\440-Group-20-Spring-2023-master\\Code\\UniConnect-App\\vendor\\laravel\\framework\\src\\Illuminate\\Http\\Response.php(35): Illuminate\\Http\\Response->setContent(Object(Illuminate\\View\\View))
#11 C:\\Users\\adeel\\OneDrive\\Desktop\\laravel-cs440-project\\440-Group-20-Spring-2023-master\\Code\\UniConnect-App\\vendor\\laravel\\framework\\src\\Illuminate\\Routing\\ResponseFactory.php(57): Illuminate\\Http\\Response->__construct(Object(Illuminate\\View\\View), 200, Array)
#12 C:\\Users\\adeel\\OneDrive\\Desktop\\laravel-cs440-project\\440-Group-20-Spring-2023-master\\Code\\UniConnect-App\\vendor\\laravel\\framework\\src\\Illuminate\\Routing\\ResponseFactory.php(87): Illuminate\\Routing\\ResponseFactory->make(Object(Illuminate\\View\\View), 200, Array)
#13 C:\\Users\\adeel\\OneDrive\\Desktop\\laravel-cs440-project\\440-Group-20-Spring-2023-master\\Code\\UniConnect-App\\vendor\\laravel\\framework\\src\\Illuminate\\Support\\Facades\\Facade.php(353): Illuminate\\Routing\\ResponseFactory->view('app', Array)
#14 C:\\Users\\adeel\\OneDrive\\Desktop\\laravel-cs440-project\\440-Group-20-Spring-2023-master\\Code\\UniConnect-App\\vendor\\inertiajs\\inertia-laravel\\src\\Response.php(110): Illuminate\\Support\\Facades\\Facade::__callStatic('view', Array)
#15 C:\\Users\\adeel\\OneDrive\\Desktop\\laravel-cs440-project\\440-Group-20-Spring-2023-master\\Code\\UniConnect-App\\vendor\\laravel\\framework\\src\\Illuminate\\Routing\\Router.php(888): Inertia\\Response->toResponse(Object(Illuminate\\Http\\Request))
#16 C:\\Users\\adeel\\OneDrive\\Desktop\\laravel-cs440-project\\440-Group-20-Spring-2023-master\\Code\\UniConnect-App\\vendor\\laravel\\framework\\src\\Illuminate\\Routing\\Router.php(875): Illuminate\\Routing\\Router::toResponse(Object(Illuminate\\Http\\Request), Object(Inertia\\Response))
#17 C:\\Users\\adeel\\OneDrive\\Desktop\\laravel-cs440-project\\440-Group-20-Spring-2023-master\\Code\\UniConnect-App\\vendor\\laravel\\framework\\src\\Illuminate\\Routing\\Router.php(797): Illuminate\\Routing\\Router->prepareResponse(Object(Illuminate\\Http\\Request), Object(Inertia\\Response))
#18 C:\\Users\\adeel\\OneDrive\\Desktop\\laravel-cs440-project\\440-Group-20-Spring-2023-master\\Code\\UniConnect-App\\vendor\\laravel\\framework\\src\\Illuminate\\Pipeline\\Pipeline.php(141): Illuminate\\Routing\\Router->Illuminate\\Routing\\{closure}(Object(Illuminate\\Http\\Request))
#19 C:\\Users\\adeel\\OneDrive\\Desktop\\laravel-cs440-project\\440-Group-20-Spring-2023-master\\Code\\UniConnect-App\\app\\Http\\Middleware\\RedirectIfAuthenticated.php(28): Illuminate\\Pipeline\\Pipeline->Illuminate\\Pipeline\\{closure}(Object(Illuminate\\Http\\Request))
#20 C:\\Users\\adeel\\OneDrive\\Desktop\\laravel-cs440-project\\440-Group-20-Spring-2023-master\\Code\\UniConnect-App\\vendor\\laravel\\framework\\src\\Illuminate\\Pipeline\\Pipeline.php(180): App\\Http\\Middleware\\RedirectIfAuthenticated->handle(Object(Illuminate\\Http\\Request), Object(Closure))
#21 C:\\Users\\adeel\\OneDrive\\Desktop\\laravel-cs440-project\\440-Group-20-Spring-2023-master\\Code\\UniConnect-App\\vendor\\laravel\\framework\\src\\Illuminate\\Http\\Middleware\\AddLinkHeadersForPreloadedAssets.php(19): Illuminate\\Pipeline\\Pipeline->Illuminate\\Pipeline\\{closure}(Object(Illuminate\\Http\\Request))
#22 C:\\Users\\adeel\\OneDrive\\Desktop\\laravel-cs440-project\\440-Group-20-Spring-2023-master\\Code\\UniConnect-App\\vendor\\laravel\\framework\\src\\Illuminate\\Pipeline\\Pipeline.php(180): Illuminate\\Http\\Middleware\\AddLinkHeadersForPreloadedAssets->handle(Object(Illuminate\\Http\\Request), Object(Closure))
#23 C:\\Users\\adeel\\OneDrive\\Desktop\\laravel-cs440-project\\440-Group-20-Spring-2023-master\\Code\\UniConnect-App\\vendor\\inertiajs\\inertia-laravel\\src\\Middleware.php(87): Illuminate\\Pipeline\\Pipeline->Illuminate\\Pipeline\\{closure}(Object(Illuminate\\Http\\Request))
#24 C:\\Users\\adeel\\OneDrive\\Desktop\\laravel-cs440-project\\440-Group-20-Spring-2023-master\\Code\\UniConnect-App\\vendor\\laravel\\framework\\src\\Illuminate\\Pipeline\\Pipeline.php(180): Inertia\\Middleware->handle(Object(Illuminate\\Http\\Request), Object(Closure))
#25 C:\\Users\\adeel\\OneDrive\\Desktop\\laravel-cs440-project\\440-Group-20-Spring-2023-master\\Code\\UniConnect-App\\vendor\\laravel\\framework\\src\\Illuminate\\Routing\\Middleware\\SubstituteBindings.php(50): Illuminate\\Pipeline\\Pipeline->Illuminate\\Pipeline\\{closure}(Object(Illuminate\\Http\\Request))
#26 C:\\Users\\adeel\\OneDrive\\Desktop\\laravel-cs440-project\\440-Group-20-Spring-2023-master\\Code\\UniConnect-App\\vendor\\laravel\\framework\\src\\Illuminate\\Pipeline\\Pipeline.php(180): Illuminate\\Routing\\Middleware\\SubstituteBindings->handle(Object(Illuminate\\Http\\Request), Object(Closure))
#27 C:\\Users\\adeel\\OneDrive\\Desktop\\laravel-cs440-project\\440-Group-20-Spring-2023-master\\Code\\UniConnect-App\\vendor\\laravel\\framework\\src\\Illuminate\\Foundation\\Http\\Middleware\\VerifyCsrfToken.php(78): Illuminate\\Pipeline\\Pipeline->Illuminate\\Pipeline\\{closure}(Object(Illuminate\\Http\\Request))
#28 C:\\Users\\adeel\\OneDrive\\Desktop\\laravel-cs440-project\\440-Group-20-Spring-2023-master\\Code\\UniConnect-App\\vendor\\laravel\\framework\\src\\Illuminate\\Pipeline\\Pipeline.php(180): Illuminate\\Foundation\\Http\\Middleware\\VerifyCsrfToken->handle(Object(Illuminate\\Http\\Request), Object(Closure))
#29 C:\\Users\\adeel\\OneDrive\\Desktop\\laravel-cs440-project\\440-Group-20-Spring-2023-master\\Code\\UniConnect-App\\vendor\\laravel\\framework\\src\\Illuminate\\View\\Middleware\\ShareErrorsFromSession.php(49): Illuminate\\Pipeline\\Pipeline->Illuminate\\Pipeline\\{closure}(Object(Illuminate\\Http\\Request))
#30 C:\\Users\\adeel\\OneDrive\\Desktop\\laravel-cs440-project\\440-Group-20-Spring-2023-master\\Code\\UniConnect-App\\vendor\\laravel\\framework\\src\\Illuminate\\Pipeline\\Pipeline.php(180): Illuminate\\View\\Middleware\\ShareErrorsFromSession->handle(Object(Illuminate\\Http\\Request), Object(Closure))
#31 C:\\Users\\adeel\\OneDrive\\Desktop\\laravel-cs440-project\\440-Group-20-Spring-2023-master\\Code\\UniConnect-App\\vendor\\laravel\\framework\\src\\Illuminate\\Session\\Middleware\\StartSession.php(121): Illuminate\\Pipeline\\Pipeline->Illuminate\\Pipeline\\{closure}(Object(Illuminate\\Http\\Request))
#32 C:\\Users\\adeel\\OneDrive\\Desktop\\laravel-cs440-project\\440-Group-20-Spring-2023-master\\Code\\UniConnect-App\\vendor\\laravel\\framework\\src\\Illuminate\\Session\\Middleware\\StartSession.php(64): Illuminate\\Session\\Middleware\\StartSession->handleStatefulRequest(Object(Illuminate\\Http\\Request), Object(Illuminate\\Session\\Store), Object(Closure))
#33 C:\\Users\\adeel\\OneDrive\\Desktop\\laravel-cs440-project\\440-Group-20-Spring-2023-master\\Code\\UniConnect-App\\vendor\\laravel\\framework\\src\\Illuminate\\Pipeline\\Pipeline.php(180): Illuminate\\Session\\Middleware\\StartSession->handle(Object(Illuminate\\Http\\Request), Object(Closure))
#34 C:\\Users\\adeel\\OneDrive\\Desktop\\laravel-cs440-project\\440-Group-20-Spring-2023-master\\Code\\UniConnect-App\\vendor\\laravel\\framework\\src\\Illuminate\\Cookie\\Middleware\\AddQueuedCookiesToResponse.php(37): Illuminate\\Pipeline\\Pipeline->Illuminate\\Pipeline\\{closure}(Object(Illuminate\\Http\\Request))
#35 C:\\Users\\adeel\\OneDrive\\Desktop\\laravel-cs440-project\\440-Group-20-Spring-2023-master\\Code\\UniConnect-App\\vendor\\laravel\\framework\\src\\Illuminate\\Pipeline\\Pipeline.php(180): Illuminate\\Cookie\\Middleware\\AddQueuedCookiesToResponse->handle(Object(Illuminate\\Http\\Request), Object(Closure))
#36 C:\\Users\\adeel\\OneDrive\\Desktop\\laravel-cs440-project\\440-Group-20-Spring-2023-master\\Code\\UniConnect-App\\vendor\\laravel\\framework\\src\\Illuminate\\Cookie\\Middleware\\EncryptCookies.php(67): Illuminate\\Pipeline\\Pipeline->Illuminate\\Pipeline\\{closure}(Object(Illuminate\\Http\\Request))
#37 C:\\Users\\adeel\\OneDrive\\Desktop\\laravel-cs440-project\\440-Group-20-Spring-2023-master\\Code\\UniConnect-App\\vendor\\laravel\\framework\\src\\Illuminate\\Pipeline\\Pipeline.php(180): Illuminate\\Cookie\\Middleware\\EncryptCookies->handle(Object(Illuminate\\Http\\Request), Object(Closure))
#38 C:\\Users\\adeel\\OneDrive\\Desktop\\laravel-cs440-project\\440-Group-20-Spring-2023-master\\Code\\UniConnect-App\\vendor\\laravel\\framework\\src\\Illuminate\\Pipeline\\Pipeline.php(116): Illuminate\\Pipeline\\Pipeline->Illuminate\\Pipeline\\{closure}(Object(Illuminate\\Http\\Request))
#39 C:\\Users\\adeel\\OneDrive\\Desktop\\laravel-cs440-project\\440-Group-20-Spring-2023-master\\Code\\UniConnect-App\\vendor\\laravel\\framework\\src\\Illuminate\\Routing\\Router.php(797): Illuminate\\Pipeline\\Pipeline->then(Object(Closure))
#40 C:\\Users\\adeel\\OneDrive\\Desktop\\laravel-cs440-project\\440-Group-20-Spring-2023-master\\Code\\UniConnect-App\\vendor\\laravel\\framework\\src\\Illuminate\\Routing\\Router.php(776): Illuminate\\Routing\\Router->runRouteWithinStack(Object(Illuminate\\Routing\\Route), Object(Illuminate\\Http\\Request))
#41 C:\\Users\\adeel\\OneDrive\\Desktop\\laravel-cs440-project\\440-Group-20-Spring-2023-master\\Code\\UniConnect-App\\vendor\\laravel\\framework\\src\\Illuminate\\Routing\\Router.php(740): Illuminate\\Routing\\Router->runRoute(Object(Illuminate\\Http\\Request), Object(Illuminate\\Routing\\Route))
#42 C:\\Users\\adeel\\OneDrive\\Desktop\\laravel-cs440-project\\440-Group-20-Spring-2023-master\\Code\\UniConnect-App\\vendor\\laravel\\framework\\src\\Illuminate\\Routing\\Router.php(729): Illuminate\\Routing\\Router->dispatchToRoute(Object(Illuminate\\Http\\Request))
#43 C:\\Users\\adeel\\OneDrive\\Desktop\\laravel-cs440-project\\440-Group-20-Spring-2023-master\\Code\\UniConnect-App\\vendor\\laravel\\framework\\src\\Illuminate\\Foundation\\Http\\Kernel.php(200): Illuminate\\Routing\\Router->dispatch(Object(Illuminate\\Http\\Request))
#44 C:\\Users\\adeel\\OneDrive\\Desktop\\laravel-cs440-project\\440-Group-20-Spring-2023-master\\Code\\UniConnect-App\\vendor\\laravel\\framework\\src\\Illuminate\\Pipeline\\Pipeline.php(141): Illuminate\\Foundation\\Http\\Kernel->Illuminate\\Foundation\\Http\\{closure}(Object(Illuminate\\Http\\Request))
#45 C:\\Users\\adeel\\OneDrive\\Desktop\\laravel-cs440-project\\440-Group-20-Spring-2023-master\\Code\\UniConnect-App\\vendor\\laravel\\framework\\src\\Illuminate\\Foundation\\Http\\Middleware\\TransformsRequest.php(21): Illuminate\\Pipeline\\Pipeline->Illuminate\\Pipeline\\{closure}(Object(Illuminate\\Http\\Request))
#46 C:\\Users\\adeel\\OneDrive\\Desktop\\laravel-cs440-project\\440-Group-20-Spring-2023-master\\Code\\UniConnect-App\\vendor\\laravel\\framework\\src\\Illuminate\\Foundation\\Http\\Middleware\\ConvertEmptyStringsToNull.php(31): Illuminate\\Foundation\\Http\\Middleware\\TransformsRequest->handle(Object(Illuminate\\Http\\Request), Object(Closure))
#47 C:\\Users\\adeel\\OneDrive\\Desktop\\laravel-cs440-project\\440-Group-20-Spring-2023-master\\Code\\UniConnect-App\\vendor\\laravel\\framework\\src\\Illuminate\\Pipeline\\Pipeline.php(180): Illuminate\\Foundation\\Http\\Middleware\\ConvertEmptyStringsToNull->handle(Object(Illuminate\\Http\\Request), Object(Closure))
#48 C:\\Users\\adeel\\OneDrive\\Desktop\\laravel-cs440-project\\440-Group-20-Spring-2023-master\\Code\\UniConnect-App\\vendor\\laravel\\framework\\src\\Illuminate\\Foundation\\Http\\Middleware\\TransformsRequest.php(21): Illuminate\\Pipeline\\Pipeline->Illuminate\\Pipeline\\{closure}(Object(Illuminate\\Http\\Request))
#49 C:\\Users\\adeel\\OneDrive\\Desktop\\laravel-cs440-project\\440-Group-20-Spring-2023-master\\Code\\UniConnect-App\\vendor\\laravel\\framework\\src\\Illuminate\\Foundation\\Http\\Middleware\\TrimStrings.php(40): Illuminate\\Foundation\\Http\\Middleware\\TransformsRequest->handle(Object(Illuminate\\Http\\Request), Object(Closure))
#50 C:\\Users\\adeel\\OneDrive\\Desktop\\laravel-cs440-project\\440-Group-20-Spring-2023-master\\Code\\UniConnect-App\\vendor\\laravel\\framework\\src\\Illuminate\\Pipeline\\Pipeline.php(180): Illuminate\\Foundation\\Http\\Middleware\\TrimStrings->handle(Object(Illuminate\\Http\\Request), Object(Closure))
#51 C:\\Users\\adeel\\OneDrive\\Desktop\\laravel-cs440-project\\440-Group-20-Spring-2023-master\\Code\\UniConnect-App\\vendor\\laravel\\framework\\src\\Illuminate\\Foundation\\Http\\Middleware\\ValidatePostSize.php(27): Illuminate\\Pipeline\\Pipeline->Illuminate\\Pipeline\\{closure}(Object(Illuminate\\Http\\Request))
#52 C:\\Users\\adeel\\OneDrive\\Desktop\\laravel-cs440-project\\440-Group-20-Spring-2023-master\\Code\\UniConnect-App\\vendor\\laravel\\framework\\src\\Illuminate\\Pipeline\\Pipeline.php(180): Illuminate\\Foundation\\Http\\Middleware\\ValidatePostSize->handle(Object(Illuminate\\Http\\Request), Object(Closure))
#53 C:\\Users\\adeel\\OneDrive\\Desktop\\laravel-cs440-project\\440-Group-20-Spring-2023-master\\Code\\UniConnect-App\\vendor\\laravel\\framework\\src\\Illuminate\\Foundation\\Http\\Middleware\\PreventRequestsDuringMaintenance.php(86): Illuminate\\Pipeline\\Pipeline->Illuminate\\Pipeline\\{closure}(Object(Illuminate\\Http\\Request))
#54 C:\\Users\\adeel\\OneDrive\\Desktop\\laravel-cs440-project\\440-Group-20-Spring-2023-master\\Code\\UniConnect-App\\vendor\\laravel\\framework\\src\\Illuminate\\Pipeline\\Pipeline.php(180): Illuminate\\Foundation\\Http\\Middleware\\PreventRequestsDuringMaintenance->handle(Object(Illuminate\\Http\\Request), Object(Closure))
#55 C:\\Users\\adeel\\OneDrive\\Desktop\\laravel-cs440-project\\440-Group-20-Spring-2023-master\\Code\\UniConnect-App\\vendor\\laravel\\framework\\src\\Illuminate\\Http\\Middleware\\HandleCors.php(49): Illuminate\\Pipeline\\Pipeline->Illuminate\\Pipeline\\{closure}(Object(Illuminate\\Http\\Request))
#56 C:\\Users\\adeel\\OneDrive\\Desktop\\laravel-cs440-project\\440-Group-20-Spring-2023-master\\Code\\UniConnect-App\\vendor\\laravel\\framework\\src\\Illuminate\\Pipeline\\Pipeline.php(180): Illuminate\\Http\\Middleware\\HandleCors->handle(Object(Illuminate\\Http\\Request), Object(Closure))
#57 C:\\Users\\adeel\\OneDrive\\Desktop\\laravel-cs440-project\\440-Group-20-Spring-2023-master\\Code\\UniConnect-App\\vendor\\laravel\\framework\\src\\Illuminate\\Http\\Middleware\\TrustProxies.php(39): Illuminate\\Pipeline\\Pipeline->Illuminate\\Pipeline\\{closure}(Object(Illuminate\\Http\\Request))
#58 C:\\Users\\adeel\\OneDrive\\Desktop\\laravel-cs440-project\\440-Group-20-Spring-2023-master\\Code\\UniConnect-App\\vendor\\laravel\\framework\\src\\Illuminate\\Pipeline\\Pipeline.php(180): Illuminate\\Http\\Middleware\\TrustProxies->handle(Object(Illuminate\\Http\\Request), Object(Closure))
#59 C:\\Users\\adeel\\OneDrive\\Desktop\\laravel-cs440-project\\440-Group-20-Spring-2023-master\\Code\\UniConnect-App\\vendor\\laravel\\framework\\src\\Illuminate\\Pipeline\\Pipeline.php(116): Illuminate\\Pipeline\\Pipeline->Illuminate\\Pipeline\\{closure}(Object(Illuminate\\Http\\Request))
#60 C:\\Users\\adeel\\OneDrive\\Desktop\\laravel-cs440-project\\440-Group-20-Spring-2023-master\\Code\\UniConnect-App\\vendor\\laravel\\framework\\src\\Illuminate\\Foundation\\Http\\Kernel.php(175): Illuminate\\Pipeline\\Pipeline->then(Object(Closure))
#61 C:\\Users\\adeel\\OneDrive\\Desktop\\laravel-cs440-project\\440-Group-20-Spring-2023-master\\Code\\UniConnect-App\\vendor\\laravel\\framework\\src\\Illuminate\\Foundation\\Http\\Kernel.php(144): Illuminate\\Foundation\\Http\\Kernel->sendRequestThroughRouter(Object(Illuminate\\Http\\Request))
#62 C:\\Users\\adeel\\OneDrive\\Desktop\\laravel-cs440-project\\440-Group-20-Spring-2023-master\\Code\\UniConnect-App\\public\\index.php(51): Illuminate\\Foundation\\Http\\Kernel->handle(Object(Illuminate\\Http\\Request))
#63 C:\\Users\\adeel\\OneDrive\\Desktop\\laravel-cs440-project\\440-Group-20-Spring-2023-master\\Code\\UniConnect-App\\vendor\\laravel\\framework\\src\\Illuminate\\Foundation\\resources\\server.php(16): require_once('C:\\\\Users\\\\adeel\\\\...')
#64 {main}

[previous exception] [object] (Exception(code: 0): Vite manifest not found at: C:\\Users\\adeel\\OneDrive\\Desktop\\laravel-cs440-project\\440-Group-20-Spring-2023-master\\Code\\UniConnect-App\\public\\build/manifest.json at C:\\Users\\adeel\\OneDrive\\Desktop\\laravel-cs440-project\\440-Group-20-Spring-2023-master\\Code\\UniConnect-App\\vendor\\laravel\\framework\\src\\Illuminate\\Foundation\\Vite.php:684)
[stacktrace]
#0 C:\\Users\\adeel\\OneDrive\\Desktop\\laravel-cs440-project\\440-Group-20-Spring-2023-master\\Code\\UniConnect-App\\vendor\\laravel\\framework\\src\\Illuminate\\Foundation\\Vite.php(273): Illuminate\\Foundation\\Vite->manifest('build')
#1 C:\\Users\\adeel\\OneDrive\\Desktop\\laravel-cs440-project\\440-Group-20-Spring-2023-master\\Code\\UniConnect-App\\storage\\framework\\views\\53c4c5936a234a80409afedc8c834e32.php(15): Illuminate\\Foundation\\Vite->__invoke(Object(Illuminate\\Support\\Collection))
#2 C:\\Users\\adeel\\OneDrive\\Desktop\\laravel-cs440-project\\440-Group-20-Spring-2023-master\\Code\\UniConnect-App\\vendor\\laravel\\framework\\src\\Illuminate\\Filesystem\\Filesystem.php(124): require('C:\\\\Users\\\\adeel\\\\...')
#3 C:\\Users\\adeel\\OneDrive\\Desktop\\laravel-cs440-project\\440-Group-20-Spring-2023-master\\Code\\UniConnect-App\\vendor\\laravel\\framework\\src\\Illuminate\\Filesystem\\Filesystem.php(125): Illuminate\\Filesystem\\Filesystem::Illuminate\\Filesystem\\{closure}()
#4 C:\\Users\\adeel\\OneDrive\\Desktop\\laravel-cs440-project\\440-Group-20-Spring-2023-master\\Code\\UniConnect-App\\vendor\\laravel\\framework\\src\\Illuminate\\View\\Engines\\PhpEngine.php(58): Illuminate\\Filesystem\\Filesystem->getRequire('C:\\\\Users\\\\adeel\\\\...', Array)
#5 C:\\Users\\adeel\\OneDrive\\Desktop\\laravel-cs440-project\\440-Group-20-Spring-2023-master\\Code\\UniConnect-App\\vendor\\laravel\\framework\\src\\Illuminate\\View\\Engines\\CompilerEngine.php(70): Illuminate\\View\\Engines\\PhpEngine->evaluatePath('C:\\\\Users\\\\adeel\\\\...', Array)
#6 C:\\Users\\adeel\\OneDrive\\Desktop\\laravel-cs440-project\\440-Group-20-Spring-2023-master\\Code\\UniConnect-App\\vendor\\laravel\\framework\\src\\Illuminate\\View\\View.php(195): Illuminate\\View\\Engines\\CompilerEngine->get('C:\\\\Users\\\\adeel\\\\...', Array)
#7 C:\\Users\\adeel\\OneDrive\\Desktop\\laravel-cs440-project\\440-Group-20-Spring-2023-master\\Code\\UniConnect-App\\vendor\\laravel\\framework\\src\\Illuminate\\View\\View.php(178): Illuminate\\View\\View->getContents()
#8 C:\\Users\\adeel\\OneDrive\\Desktop\\laravel-cs440-project\\440-Group-20-Spring-2023-master\\Code\\UniConnect-App\\vendor\\laravel\\framework\\src\\Illuminate\\View\\View.php(147): Illuminate\\View\\View->renderContents()
#9 C:\\Users\\adeel\\OneDrive\\Desktop\\laravel-cs440-project\\440-Group-20-Spring-2023-master\\Code\\UniConnect-App\\vendor\\laravel\\framework\\src\\Illuminate\\Http\\Response.php(69): Illuminate\\View\\View->render()
#10 C:\\Users\\adeel\\OneDrive\\Desktop\\laravel-cs440-project\\440-Group-20-Spring-2023-master\\Code\\UniConnect-App\\vendor\\laravel\\framework\\src\\Illuminate\\Http\\Response.php(35): Illuminate\\Http\\Response->setContent(Object(Illuminate\\View\\View))
#11 C:\\Users\\adeel\\OneDrive\\Desktop\\laravel-cs440-project\\440-Group-20-Spring-2023-master\\Code\\UniConnect-App\\vendor\\laravel\\framework\\src\\Illuminate\\Routing\\ResponseFactory.php(57): Illuminate\\Http\\Response->__construct(Object(Illuminate\\View\\View), 200, Array)
#12 C:\\Users\\adeel\\OneDrive\\Desktop\\laravel-cs440-project\\440-Group-20-Spring-2023-master\\Code\\UniConnect-App\\vendor\\laravel\\framework\\src\\Illuminate\\Routing\\ResponseFactory.php(87): Illuminate\\Routing\\ResponseFactory->make(Object(Illuminate\\View\\View), 200, Array)
#13 C:\\Users\\adeel\\OneDrive\\Desktop\\laravel-cs440-project\\440-Group-20-Spring-2023-master\\Code\\UniConnect-App\\vendor\\laravel\\framework\\src\\Illuminate\\Support\\Facades\\Facade.php(353): Illuminate\\Routing\\ResponseFactory->view('app', Array)
#14 C:\\Users\\adeel\\OneDrive\\Desktop\\laravel-cs440-project\\440-Group-20-Spring-2023-master\\Code\\UniConnect-App\\vendor\\inertiajs\\inertia-laravel\\src\\Response.php(110): Illuminate\\Support\\Facades\\Facade::__callStatic('view', Array)
#15 C:\\Users\\adeel\\OneDrive\\Desktop\\laravel-cs440-project\\440-Group-20-Spring-2023-master\\Code\\UniConnect-App\\vendor\\laravel\\framework\\src\\Illuminate\\Routing\\Router.php(888): Inertia\\Response->toResponse(Object(Illuminate\\Http\\Request))
#16 C:\\Users\\adeel\\OneDrive\\Desktop\\laravel-cs440-project\\440-Group-20-Spring-2023-master\\Code\\UniConnect-App\\vendor\\laravel\\framework\\src\\Illuminate\\Routing\\Router.php(875): Illuminate\\Routing\\Router::toResponse(Object(Illuminate\\Http\\Request), Object(Inertia\\Response))
#17 C:\\Users\\adeel\\OneDrive\\Desktop\\laravel-cs440-project\\440-Group-20-Spring-2023-master\\Code\\UniConnect-App\\vendor\\laravel\\framework\\src\\Illuminate\\Routing\\Router.php(797): Illuminate\\Routing\\Router->prepareResponse(Object(Illuminate\\Http\\Request), Object(Inertia\\Response))
#18 C:\\Users\\adeel\\OneDrive\\Desktop\\laravel-cs440-project\\440-Group-20-Spring-2023-master\\Code\\UniConnect-App\\vendor\\laravel\\framework\\src\\Illuminate\\Pipeline\\Pipeline.php(141): Illuminate\\Routing\\Router->Illuminate\\Routing\\{closure}(Object(Illuminate\\Http\\Request))
#19 C:\\Users\\adeel\\OneDrive\\Desktop\\laravel-cs440-project\\440-Group-20-Spring-2023-master\\Code\\UniConnect-App\\app\\Http\\Middleware\\RedirectIfAuthenticated.php(28): Illuminate\\Pipeline\\Pipeline->Illuminate\\Pipeline\\{closure}(Object(Illuminate\\Http\\Request))
#20 C:\\Users\\adeel\\OneDrive\\Desktop\\laravel-cs440-project\\440-Group-20-Spring-2023-master\\Code\\UniConnect-App\\vendor\\laravel\\framework\\src\\Illuminate\\Pipeline\\Pipeline.php(180): App\\Http\\Middleware\\RedirectIfAuthenticated->handle(Object(Illuminate\\Http\\Request), Object(Closure))
#21 C:\\Users\\adeel\\OneDrive\\Desktop\\laravel-cs440-project\\440-Group-20-Spring-2023-master\\Code\\UniConnect-App\\vendor\\laravel\\framework\\src\\Illuminate\\Http\\Middleware\\AddLinkHeadersForPreloadedAssets.php(19): Illuminate\\Pipeline\\Pipeline->Illuminate\\Pipeline\\{closure}(Object(Illuminate\\Http\\Request))
#22 C:\\Users\\adeel\\OneDrive\\Desktop\\laravel-cs440-project\\440-Group-20-Spring-2023-master\\Code\\UniConnect-App\\vendor\\laravel\\framework\\src\\Illuminate\\Pipeline\\Pipeline.php(180): Illuminate\\Http\\Middleware\\AddLinkHeadersForPreloadedAssets->handle(Object(Illuminate\\Http\\Request), Object(Closure))
#23 C:\\Users\\adeel\\OneDrive\\Desktop\\laravel-cs440-project\\440-Group-20-Spring-2023-master\\Code\\UniConnect-App\\vendor\\inertiajs\\inertia-laravel\\src\\Middleware.php(87): Illuminate\\Pipeline\\Pipeline->Illuminate\\Pipeline\\{closure}(Object(Illuminate\\Http\\Request))
#24 C:\\Users\\adeel\\OneDrive\\Desktop\\laravel-cs440-project\\440-Group-20-Spring-2023-master\\Code\\UniConnect-App\\vendor\\laravel\\framework\\src\\Illuminate\\Pipeline\\Pipeline.php(180): Inertia\\Middleware->handle(Object(Illuminate\\Http\\Request), Object(Closure))
#25 C:\\Users\\adeel\\OneDrive\\Desktop\\laravel-cs440-project\\440-Group-20-Spring-2023-master\\Code\\UniConnect-App\\vendor\\laravel\\framework\\src\\Illuminate\\Routing\\Middleware\\SubstituteBindings.php(50): Illuminate\\Pipeline\\Pipeline->Illuminate\\Pipeline\\{closure}(Object(Illuminate\\Http\\Request))
#26 C:\\Users\\adeel\\OneDrive\\Desktop\\laravel-cs440-project\\440-Group-20-Spring-2023-master\\Code\\UniConnect-App\\vendor\\laravel\\framework\\src\\Illuminate\\Pipeline\\Pipeline.php(180): Illuminate\\Routing\\Middleware\\SubstituteBindings->handle(Object(Illuminate\\Http\\Request), Object(Closure))
#27 C:\\Users\\adeel\\OneDrive\\Desktop\\laravel-cs440-project\\440-Group-20-Spring-2023-master\\Code\\UniConnect-App\\vendor\\laravel\\framework\\src\\Illuminate\\Foundation\\Http\\Middleware\\VerifyCsrfToken.php(78): Illuminate\\Pipeline\\Pipeline->Illuminate\\Pipeline\\{closure}(Object(Illuminate\\Http\\Request))
#28 C:\\Users\\adeel\\OneDrive\\Desktop\\laravel-cs440-project\\440-Group-20-Spring-2023-master\\Code\\UniConnect-App\\vendor\\laravel\\framework\\src\\Illuminate\\Pipeline\\Pipeline.php(180): Illuminate\\Foundation\\Http\\Middleware\\VerifyCsrfToken->handle(Object(Illuminate\\Http\\Request), Object(Closure))
#29 C:\\Users\\adeel\\OneDrive\\Desktop\\laravel-cs440-project\\440-Group-20-Spring-2023-master\\Code\\UniConnect-App\\vendor\\laravel\\framework\\src\\Illuminate\\View\\Middleware\\ShareErrorsFromSession.php(49): Illuminate\\Pipeline\\Pipeline->Illuminate\\Pipeline\\{closure}(Object(Illuminate\\Http\\Request))
#30 C:\\Users\\adeel\\OneDrive\\Desktop\\laravel-cs440-project\\440-Group-20-Spring-2023-master\\Code\\UniConnect-App\\vendor\\laravel\\framework\\src\\Illuminate\\Pipeline\\Pipeline.php(180): Illuminate\\View\\Middleware\\ShareErrorsFromSession->handle(Object(Illuminate\\Http\\Request), Object(Closure))
#31 C:\\Users\\adeel\\OneDrive\\Desktop\\laravel-cs440-project\\440-Group-20-Spring-2023-master\\Code\\UniConnect-App\\vendor\\laravel\\framework\\src\\Illuminate\\Session\\Middleware\\StartSession.php(121): Illuminate\\Pipeline\\Pipeline->Illuminate\\Pipeline\\{closure}(Object(Illuminate\\Http\\Request))
#32 C:\\Users\\adeel\\OneDrive\\Desktop\\laravel-cs440-project\\440-Group-20-Spring-2023-master\\Code\\UniConnect-App\\vendor\\laravel\\framework\\src\\Illuminate\\Session\\Middleware\\StartSession.php(64): Illuminate\\Session\\Middleware\\StartSession->handleStatefulRequest(Object(Illuminate\\Http\\Request), Object(Illuminate\\Session\\Store), Object(Closure))
#33 C:\\Users\\adeel\\OneDrive\\Desktop\\laravel-cs440-project\\440-Group-20-Spring-2023-master\\Code\\UniConnect-App\\vendor\\laravel\\framework\\src\\Illuminate\\Pipeline\\Pipeline.php(180): Illuminate\\Session\\Middleware\\StartSession->handle(Object(Illuminate\\Http\\Request), Object(Closure))
#34 C:\\Users\\adeel\\OneDrive\\Desktop\\laravel-cs440-project\\440-Group-20-Spring-2023-master\\Code\\UniConnect-App\\vendor\\laravel\\framework\\src\\Illuminate\\Cookie\\Middleware\\AddQueuedCookiesToResponse.php(37): Illuminate\\Pipeline\\Pipeline->Illuminate\\Pipeline\\{closure}(Object(Illuminate\\Http\\Request))
#35 C:\\Users\\adeel\\OneDrive\\Desktop\\laravel-cs440-project\\440-Group-20-Spring-2023-master\\Code\\UniConnect-App\\vendor\\laravel\\framework\\src\\Illuminate\\Pipeline\\Pipeline.php(180): Illuminate\\Cookie\\Middleware\\AddQueuedCookiesToResponse->handle(Object(Illuminate\\Http\\Request), Object(Closure))
#36 C:\\Users\\adeel\\OneDrive\\Desktop\\laravel-cs440-project\\440-Group-20-Spring-2023-master\\Code\\UniConnect-App\\vendor\\laravel\\framework\\src\\Illuminate\\Cookie\\Middleware\\EncryptCookies.php(67): Illuminate\\Pipeline\\Pipeline->Illuminate\\Pipeline\\{closure}(Object(Illuminate\\Http\\Request))
#37 C:\\Users\\adeel\\OneDrive\\Desktop\\laravel-cs440-project\\440-Group-20-Spring-2023-master\\Code\\UniConnect-App\\vendor\\laravel\\framework\\src\\Illuminate\\Pipeline\\Pipeline.php(180): Illuminate\\Cookie\\Middleware\\EncryptCookies->handle(Object(Illuminate\\Http\\Request), Object(Closure))
#38 C:\\Users\\adeel\\OneDrive\\Desktop\\laravel-cs440-project\\440-Group-20-Spring-2023-master\\Code\\UniConnect-App\\vendor\\laravel\\framework\\src\\Illuminate\\Pipeline\\Pipeline.php(116): Illuminate\\Pipeline\\Pipeline->Illuminate\\Pipeline\\{closure}(Object(Illuminate\\Http\\Request))
#39 C:\\Users\\adeel\\OneDrive\\Desktop\\laravel-cs440-project\\440-Group-20-Spring-2023-master\\Code\\UniConnect-App\\vendor\\laravel\\framework\\src\\Illuminate\\Routing\\Router.php(797): Illuminate\\Pipeline\\Pipeline->then(Object(Closure))
#40 C:\\Users\\adeel\\OneDrive\\Desktop\\laravel-cs440-project\\440-Group-20-Spring-2023-master\\Code\\UniConnect-App\\vendor\\laravel\\framework\\src\\Illuminate\\Routing\\Router.php(776): Illuminate\\Routing\\Router->runRouteWithinStack(Object(Illuminate\\Routing\\Route), Object(Illuminate\\Http\\Request))
#41 C:\\Users\\adeel\\OneDrive\\Desktop\\laravel-cs440-project\\440-Group-20-Spring-2023-master\\Code\\UniConnect-App\\vendor\\laravel\\framework\\src\\Illuminate\\Routing\\Router.php(740): Illuminate\\Routing\\Router->runRoute(Object(Illuminate\\Http\\Request), Object(Illuminate\\Routing\\Route))
#42 C:\\Users\\adeel\\OneDrive\\Desktop\\laravel-cs440-project\\440-Group-20-Spring-2023-master\\Code\\UniConnect-App\\vendor\\laravel\\framework\\src\\Illuminate\\Routing\\Router.php(729): Illuminate\\Routing\\Router->dispatchToRoute(Object(Illuminate\\Http\\Request))
#43 C:\\Users\\adeel\\OneDrive\\Desktop\\laravel-cs440-project\\440-Group-20-Spring-2023-master\\Code\\UniConnect-App\\vendor\\laravel\\framework\\src\\Illuminate\\Foundation\\Http\\Kernel.php(200): Illuminate\\Routing\\Router->dispatch(Object(Illuminate\\Http\\Request))
#44 C:\\Users\\adeel\\OneDrive\\Desktop\\laravel-cs440-project\\440-Group-20-Spring-2023-master\\Code\\UniConnect-App\\vendor\\laravel\\framework\\src\\Illuminate\\Pipeline\\Pipeline.php(141): Illuminate\\Foundation\\Http\\Kernel->Illuminate\\Foundation\\Http\\{closure}(Object(Illuminate\\Http\\Request))
#45 C:\\Users\\adeel\\OneDrive\\Desktop\\laravel-cs440-project\\440-Group-20-Spring-2023-master\\Code\\UniConnect-App\\vendor\\laravel\\framework\\src\\Illuminate\\Foundation\\Http\\Middleware\\TransformsRequest.php(21): Illuminate\\Pipeline\\Pipeline->Illuminate\\Pipeline\\{closure}(Object(Illuminate\\Http\\Request))
#46 C:\\Users\\adeel\\OneDrive\\Desktop\\laravel-cs440-project\\440-Group-20-Spring-2023-master\\Code\\UniConnect-App\\vendor\\laravel\\framework\\src\\Illuminate\\Foundation\\Http\\Middleware\\ConvertEmptyStringsToNull.php(31): Illuminate\\Foundation\\Http\\Middleware\\TransformsRequest->handle(Object(Illuminate\\Http\\Request), Object(Closure))
#47 C:\\Users\\adeel\\OneDrive\\Desktop\\laravel-cs440-project\\440-Group-20-Spring-2023-master\\Code\\UniConnect-App\\vendor\\laravel\\framework\\src\\Illuminate\\Pipeline\\Pipeline.php(180): Illuminate\\Foundation\\Http\\Middleware\\ConvertEmptyStringsToNull->handle(Object(Illuminate\\Http\\Request), Object(Closure))
#48 C:\\Users\\adeel\\OneDrive\\Desktop\\laravel-cs440-project\\440-Group-20-Spring-2023-master\\Code\\UniConnect-App\\vendor\\laravel\\framework\\src\\Illuminate\\Foundation\\Http\\Middleware\\TransformsRequest.php(21): Illuminate\\Pipeline\\Pipeline->Illuminate\\Pipeline\\{closure}(Object(Illuminate\\Http\\Request))
#49 C:\\Users\\adeel\\OneDrive\\Desktop\\laravel-cs440-project\\440-Group-20-Spring-2023-master\\Code\\UniConnect-App\\vendor\\laravel\\framework\\src\\Illuminate\\Foundation\\Http\\Middleware\\TrimStrings.php(40): Illuminate\\Foundation\\Http\\Middleware\\TransformsRequest->handle(Object(Illuminate\\Http\\Request), Object(Closure))
#50 C:\\Users\\adeel\\OneDrive\\Desktop\\laravel-cs440-project\\440-Group-20-Spring-2023-master\\Code\\UniConnect-App\\vendor\\laravel\\framework\\src\\Illuminate\\Pipeline\\Pipeline.php(180): Illuminate\\Foundation\\Http\\Middleware\\TrimStrings->handle(Object(Illuminate\\Http\\Request), Object(Closure))
#51 C:\\Users\\adeel\\OneDrive\\Desktop\\laravel-cs440-project\\440-Group-20-Spring-2023-master\\Code\\UniConnect-App\\vendor\\laravel\\framework\\src\\Illuminate\\Foundation\\Http\\Middleware\\ValidatePostSize.php(27): Illuminate\\Pipeline\\Pipeline->Illuminate\\Pipeline\\{closure}(Object(Illuminate\\Http\\Request))
#52 C:\\Users\\adeel\\OneDrive\\Desktop\\laravel-cs440-project\\440-Group-20-Spring-2023-master\\Code\\UniConnect-App\\vendor\\laravel\\framework\\src\\Illuminate\\Pipeline\\Pipeline.php(180): Illuminate\\Foundation\\Http\\Middleware\\ValidatePostSize->handle(Object(Illuminate\\Http\\Request), Object(Closure))
#53 C:\\Users\\adeel\\OneDrive\\Desktop\\laravel-cs440-project\\440-Group-20-Spring-2023-master\\Code\\UniConnect-App\\vendor\\laravel\\framework\\src\\Illuminate\\Foundation\\Http\\Middleware\\PreventRequestsDuringMaintenance.php(86): Illuminate\\Pipeline\\Pipeline->Illuminate\\Pipeline\\{closure}(Object(Illuminate\\Http\\Request))
#54 C:\\Users\\adeel\\OneDrive\\Desktop\\laravel-cs440-project\\440-Group-20-Spring-2023-master\\Code\\UniConnect-App\\vendor\\laravel\\framework\\src\\Illuminate\\Pipeline\\Pipeline.php(180): Illuminate\\Foundation\\Http\\Middleware\\PreventRequestsDuringMaintenance->handle(Object(Illuminate\\Http\\Request), Object(Closure))
#55 C:\\Users\\adeel\\OneDrive\\Desktop\\laravel-cs440-project\\440-Group-20-Spring-2023-master\\Code\\UniConnect-App\\vendor\\laravel\\framework\\src\\Illuminate\\Http\\Middleware\\HandleCors.php(49): Illuminate\\Pipeline\\Pipeline->Illuminate\\Pipeline\\{closure}(Object(Illuminate\\Http\\Request))
#56 C:\\Users\\adeel\\OneDrive\\Desktop\\laravel-cs440-project\\440-Group-20-Spring-2023-master\\Code\\UniConnect-App\\vendor\\laravel\\framework\\src\\Illuminate\\Pipeline\\Pipeline.php(180): Illuminate\\Http\\Middleware\\HandleCors->handle(Object(Illuminate\\Http\\Request), Object(Closure))
#57 C:\\Users\\adeel\\OneDrive\\Desktop\\laravel-cs440-project\\440-Group-20-Spring-2023-master\\Code\\UniConnect-App\\vendor\\laravel\\framework\\src\\Illuminate\\Http\\Middleware\\TrustProxies.php(39): Illuminate\\Pipeline\\Pipeline->Illuminate\\Pipeline\\{closure}(Object(Illuminate\\Http\\Request))
#58 C:\\Users\\adeel\\OneDrive\\Desktop\\laravel-cs440-project\\440-Group-20-Spring-2023-master\\Code\\UniConnect-App\\vendor\\laravel\\framework\\src\\Illuminate\\Pipeline\\Pipeline.php(180): Illuminate\\Http\\Middleware\\TrustProxies->handle(Object(Illuminate\\Http\\Request), Object(Closure))
#59 C:\\Users\\adeel\\OneDrive\\Desktop\\laravel-cs440-project\\440-Group-20-Spring-2023-master\\Code\\UniConnect-App\\vendor\\laravel\\framework\\src\\Illuminate\\Pipeline\\Pipeline.php(116): Illuminate\\Pipeline\\Pipeline->Illuminate\\Pipeline\\{closure}(Object(Illuminate\\Http\\Request))
#60 C:\\Users\\adeel\\OneDrive\\Desktop\\laravel-cs440-project\\440-Group-20-Spring-2023-master\\Code\\UniConnect-App\\vendor\\laravel\\framework\\src\\Illuminate\\Foundation\\Http\\Kernel.php(175): Illuminate\\Pipeline\\Pipeline->then(Object(Closure))
#61 C:\\Users\\adeel\\OneDrive\\Desktop\\laravel-cs440-project\\440-Group-20-Spring-2023-master\\Code\\UniConnect-App\\vendor\\laravel\\framework\\src\\Illuminate\\Foundation\\Http\\Kernel.php(144): Illuminate\\Foundation\\Http\\Kernel->sendRequestThroughRouter(Object(Illuminate\\Http\\Request))
#62 C:\\Users\\adeel\\OneDrive\\Desktop\\laravel-cs440-project\\440-Group-20-Spring-2023-master\\Code\\UniConnect-App\\public\\index.php(51): Illuminate\\Foundation\\Http\\Kernel->handle(Object(Illuminate\\Http\\Request))
#63 C:\\Users\\adeel\\OneDrive\\Desktop\\laravel-cs440-project\\440-Group-20-Spring-2023-master\\Code\\UniConnect-App\\vendor\\laravel\\framework\\src\\Illuminate\\Foundation\\resources\\server.php(16): require_once('C:\\\\Users\\\\adeel\\\\...')
#64 {main}
"} 
